title,author_name,word_count,month_tickets,total_recommendation_count,status,category_name,platform,engagement_score,cluster,tier
苟在初圣魔门当人材,鹤守月满池,2970800.0,88061,1493800,连载,玄幻,Qidian,295.4274020397209,0,S级神作
夜无疆,辰东,2597300.0,52333,8177800,连载,玄幻,Qidian,200.7172170444521,0,S级神作
鸣龙,关关公子,1824800.0,15496,1598800,连载,玄幻,Qidian,84.45607150643123,1,C级普通
苟在武道世界成圣,在水中的纸老虎,1896100.0,17530,215900,连载,玄幻,Qidian,91.96789255547976,1,C级普通
从水猴子开始成神,甲壳蚁,3632600.0,14663,1554600,连载,玄幻,Qidian,40.25421402295064,1,C级普通
太虚至尊,苍天霸主,4673000.0,2002,278200,连载,玄幻,Qidian,4.275037369207773,1,C级普通
青山,会说话的肘子,1749700.0,14572,2188800,连载,玄幻,Qidian,82.80956981303632,1,C级普通
龙藏,烟雨江南,3287200.0,14458,1731900,连载,玄幻,Qidian,43.84932670144365,1,C级普通
天人图谱,误道者,5228600.0,7310,3233600,连载,玄幻,Qidian,13.95410987668461,1,C级普通
大道之上,宅猪,3237000.0,4394,3084200,连载,玄幻,Qidian,13.532491530643671,1,C级普通
神农道君,神威校尉,4798800.0,3007,1207000,连载,玄幻,Qidian,6.253119281317584,1,C级普通
旧域怪诞,狐尾的笔,703199.0,4530,286400,连载,玄幻,Qidian,63.51663420728296,1,C级普通
真君驾到,阎ZK,1700000.0,3176,175400,连载,玄幻,Qidian,18.57309941520468,1,C级普通
食仙主,鹦鹉咬舌,3080100.0,4162,448600,连载,玄幻,Qidian,13.468819779295169,1,C级普通
浊世武尊,林守镜,340700.0,10495,37900,连载,玄幻,Qidian,299.258625605931,3,A级潜力
天下无敌！,乘风御剑,567400.0,3348,61700,连载,玄幻,Qidian,57.98406650502251,1,C级普通
仙朝鹰犬,平层,614100.0,8042,38200,连载,玄幻,Qidian,128.8575548790258,3,A级潜力
万世之名,古羲,3496100.0,675,10179400,连载,玄幻,Qidian,1.925216052023616,2,B级腰部
星武纪元,猪三不,4659100.0,2820,44426400,连载,玄幻,Qidian,6.039707866612409,2,B级腰部
万生痴魔,沙拉古斯,371700.0,16758,78600,连载,玄幻,Qidian,439.03589206182863,3,A级潜力
道诡异仙,狐尾的笔,2208900.0,1460,1670500,连载,玄幻,Qidian,6.5798368560998695,1,C级普通
大乾武圣！,湖上明月亮,3360600.0,2272,2008300,连载,玄幻,Qidian,6.740639648727229,1,C级普通
国术：一天涨一年功力！,峰仙,1171400.0,1952,68800,连载,玄幻,Qidian,16.522769595395292,1,C级普通
夫人请住手,竹叶糕,1582900.0,1962,165600,连载,玄幻,Qidian,12.317157385899932,1,C级普通
从斩妖除魔开始长生不死,陆月十九,2786600.0,1592,967400,完本,玄幻,Qidian,5.692626761067009,1,C级普通
说好当闲散赘婿，你陆地神仙？,卫四月,1168600.0,4368,47400,连载,玄幻,Qidian,37.06091973527914,1,C级普通
历史病了,晨色暮鸦,1363100.0,1797,152200,连载,玄幻,Qidian,13.087175005462091,1,C级普通
人族镇守使,白驹易逝,11667600.0,1820,14989000,连载,玄幻,Qidian,1.5585394259094334,2,B级腰部
从修改呼吸法开始成圣,努力吃鱼,6880599.0,979,5495900,连载,玄幻,Qidian,1.4207763359905283,2,B级腰部
道爷要飞升,裴屠狗,2886700.0,498,884800,连载,玄幻,Qidian,1.7191977077363896,1,C级普通
天命皆烬,阴天神隐,3442200.0,1567,486500,连载,玄幻,Qidian,4.539134464978853,1,C级普通
从五禽拳开始肉身成圣,江上景,2857799.0,1780,81400,连载,玄幻,Qidian,6.206850619586659,1,C级普通
祭祀百年，我成了部落先祖,山人有妙计,2110600.0,1747,64000,连载,玄幻,Qidian,8.238234461944733,1,C级普通
开局签到荒古圣体,J神,9654900.0,235,390000,连载,玄幻,Qidian,0.2431478856480667,2,B级腰部
万相之王,天蚕土豆,4790500.0,644,1516000,连载,玄幻,Qidian,1.341526924278721,1,C级普通
至圣先师他太稳重了,八月飞鹰,1414199.0,1840,125100,连载,玄幻,Qidian,12.919542844785031,1,C级普通
高武：从武道生到宇宙天尊,冰红茶和可乐,3940600.0,747,63500,连载,玄幻,Qidian,1.8908520224775984,1,C级普通
乱武从拜入武馆开始,景全,706000.0,2122,13200,连载,玄幻,Qidian,29.63687150837989,1,C级普通
锦衣无双,荣小荣,764900.0,1499,83000,连载,玄幻,Qidian,19.344431539553494,1,C级普通
我咋就天下无敌了,新丰,1044100.0,600,28800,连载,玄幻,Qidian,5.692059576890238,1,C级普通
末法时代的长生武圣,月中阴,2474500.0,991,45100,连载,玄幻,Qidian,3.988730126786074,1,C级普通
人间太岁神！,五方行尽,575200.0,1355,55700,连载,玄幻,Qidian,23.15447710184552,1,C级普通
牧神记,宅猪,5911799.0,507,15515900,完本,玄幻,Qidian,0.8561587450029966,2,B级腰部
普罗之主,沙拉古斯,4484500.0,862,695100,完本,玄幻,Qidian,1.9178996551340528,1,C级普通
江湖都是前女友？,驾舟圣手,1590300.0,1086,19700,连载,玄幻,Qidian,6.786227582328314,1,C级普通
晦朔光年,翔炎,1431100.0,490,88400,连载,玄幻,Qidian,3.400180417736451,1,C级普通
有诡,白刃斩春风,1770600.0,1384,253500,连载,玄幻,Qidian,7.7726609008199485,1,C级普通
人在遮天，抽卡成帝,方蛟,1595500.0,311,21200,连载,玄幻,Qidian,1.9370912488321397,1,C级普通
掌门师伯新收了个女徒弟,三行的书哟,2897200.0,857,3738800,连载,玄幻,Qidian,2.947853604843148,1,C级普通
乱世书,姬叉,3003700.0,452,1476600,完本,玄幻,Qidian,1.4998175000829546,1,C级普通
纯阳！,南北宗源,2255000.0,817,65199,连载,玄幻,Qidian,3.607064017660045,1,C级普通
欢迎来到诡诞游戏,酒月剑仙,2274400.0,789,42900,连载,玄幻,Qidian,3.453860970057783,1,C级普通
苟出一个武道天家,我爱吃鸡枞,736400.0,754,8927,连载,玄幻,Qidian,10.10182207931404,1,C级普通
一世之尊,爱潜水的乌贼,4447900.0,804,3272799,完本,玄幻,Qidian,1.803539783306041,1,C级普通
模拟成真，我曾俯视万古岁月？,舟中落雨声,2406700.0,896,4975300,连载,玄幻,Qidian,3.707535068481814,1,C级普通
圣墟,辰东,6132300.0,297,32004699,完本,玄幻,Qidian,0.4835322273415495,2,B级腰部
斗破之魂族妖女,清渊渊,2624200.0,916,117500,连载,玄幻,Qidian,3.4773365727735173,1,C级普通
道起五脏观：我在九十年代当天师,荆山出玉,1064000.0,505,20000,连载,玄幻,Qidian,4.702048417132215,1,C级普通
你也不想秘密满朝皆知吧,十万菜团,460900.0,950,11800,连载,玄幻,Qidian,20.174134635803775,1,C级普通
完美世界,辰东,6584500.0,400,7202800,完本,玄幻,Qidian,0.6065660777920995,2,B级腰部
错练邪功，法天象地,剑飞暴雨中,2289300.0,272,97300,连载,玄幻,Qidian,1.1829687296133606,1,C级普通
太平令,阎ZK,3325100.0,631,550600,完本,玄幻,Qidian,1.8919972414620247,1,C级普通
一夕千悟，从杂役弟子开始,歪歪小虫,2764400.0,275,29300,连载,玄幻,Qidian,0.9912053056516724,1,C级普通
序列：八道横行,国产达闻西,1107800.0,1199,57600,连载,玄幻,Qidian,10.72642691000179,1,C级普通
剑气朝天,净无痕,1278700.0,322,94700,连载,玄幻,Qidian,2.498642042368278,1,C级普通
神话绘卷师：开局财神赵公明,司晨啼晓,1449300.0,812,19700,连载,玄幻,Qidian,5.564311656273556,1,C级普通
我的天道版本太低，所以全是漏洞,养姬人,2500300.0,532,41000,连载,玄幻,Qidian,2.11926861331315,1,C级普通
苟在修仙世界练武长生,牧童听竹,697000.0,866,16600,连载,玄幻,Qidian,12.248939179632249,1,C级普通
万古神帝,飞天鱼,14548699.0,250,2156200,完本,玄幻,Qidian,0.1717186405186342,2,B级腰部
祥子修仙记,边界2004,887300.0,606,23800,连载,玄幻,Qidian,6.753594115680374,1,C级普通
民俗从丧葬一条龙开始,馗爷996,835900.0,840,12000,连载,玄幻,Qidian,9.93025180281357,1,C级普通
我的属性修行人生,滚开,2402300.0,202,1386699,完本,玄幻,Qidian,0.8373751191808648,1,C级普通
武道无穷，吾身无拘,猿子,1466000.0,237,12900,连载,玄幻,Qidian,1.6056910569105691,1,C级普通
横推武道：从龟息大法开始,莫奕琯,5176799.0,262,67600,连载,玄幻,Qidian,0.505128500256131,1,C级普通
女侠且慢,关关公子,3035299.0,324,1311900,完本,玄幻,Qidian,1.0639349370948468,1,C级普通
长生，从肝进度条开始逆天改命,行为金融,2374200.0,393,43400,连载,玄幻,Qidian,1.6483516483516485,1,C级普通
大周文圣,百里玺,1413500.0,452,69200,连载,玄幻,Qidian,3.175272216368107,1,C级普通
民俗从傩戏班子开始,夜半探窗,931200.0,682,42200,连载,玄幻,Qidian,7.246068848278792,1,C级普通
神诡制卡师：开局百鬼夜行,平欧子,1625400.0,446,60000,连载,玄幻,Qidian,2.7271615506909628,1,C级普通
娘子，你不会真的给我下药了吧,桃公旺,4495400.0,202,36050900,连载,玄幻,Qidian,0.4483508678474719,2,B级腰部
道君，从蓬莱筑基开始,临渊今天一定更,4077700.0,459,84200,连载,玄幻,Qidian,1.1228808376348558,1,C级普通
我于人间证不朽,夜南听风,894100.0,285,39300,连载,玄幻,Qidian,3.152306160822918,1,C级普通
瘤剑仙,芬芳老马,1103500.0,646,29700,连载,玄幻,Qidian,5.801526717557252,1,C级普通
皇修,萧舒,3153200.0,286,121600,连载,玄幻,Qidian,0.904147698533131,1,C级普通
王妃，请自重,娘子息怒,868900.0,571,30500,连载,玄幻,Qidian,6.496757310274206,1,C级普通
巡山校尉,一世风流才子,2307000.0,171,72500,连载,玄幻,Qidian,0.7380233059991369,1,C级普通
无上悟性：从死士开始,下雨的九月,979500.0,258,10100,连载,玄幻,Qidian,2.607377463365336,1,C级普通
日夜游神,青山尽墨,2676400.0,265,57100,连载,玄幻,Qidian,0.9864502680166768,1,C级普通
从摸尸开始肉身成圣,江圣凡,1383200.0,312,11200,连载,玄幻,Qidian,2.239448751076658,1,C级普通
百无禁忌,石三,2388700.0,617,79200,连载,玄幻,Qidian,2.572226622753992,1,C级普通
大玄第一侯,东床卧虎,4099000.0,298,34500,连载,玄幻,Qidian,0.7252372840107082,1,C级普通
我有装备栏,佛不度,524800.0,272,10700,连载,玄幻,Qidian,5.086013462976814,1,C级普通
斗破，我的女主们不对劲,恐怖如私,730400.0,294,11200,连载,玄幻,Qidian,3.970826580226904,1,C级普通
这个高武太癫了,光耀大千录,1570700.0,151,59800,完本,玄幻,Qidian,0.9552729803251724,1,C级普通
人在皇宫：从升级化骨绵掌开始,螃蟹慢爬,3525500.0,428,29900,连载,玄幻,Qidian,1.2105784188940742,1,C级普通
让你练生活职业，你肝成神职,爱睡觉懒人,1782500.0,281,16299,连载,玄幻,Qidian,1.5676429567642958,1,C级普通
这届死刑犯的遗产过于离谱,情深不是戏,1676900.0,288,9782,连载,玄幻,Qidian,1.7072736973146008,1,C级普通
武圣从平替法开始,冰冷二号机,725100.0,290,5384,连载,玄幻,Qidian,3.9450414909536113,1,C级普通
从武馆弟子开始百炼成神,小鱼上水,1995500.0,298,47200,连载,玄幻,Qidian,1.4859137372226376,1,C级普通
从采珠疍户开始无限就职,来一块钱月光,1405700.0,205,15700,连载,玄幻,Qidian,1.4480469025923572,1,C级普通
元始法则,飞天鱼,2563900.0,36724,1596000,连载,玄幻,Qidian,142.67842573526556,3,A级潜力
腐朽世界,滚开,457600.0,15681,256200,连载,玄幻,Qidian,335.3507271171942,3,A级潜力
长夜君主,风凌天下,8363600.0,19114,2165800,连载,玄幻,Qidian,22.826502340689785,2,B级腰部
诡秘之主,爱潜水的乌贼,4467700.0,21222,35969000,完本,玄幻,Qidian,47.39486790093128,2,B级腰部
全职法师,乱,7420000.0,1204,4544900,连载,玄幻,Qidian,1.620457604306864,2,B级腰部
亡灵法师，召唤055什么鬼？,卧雪观星,1656800.0,9026,185600,连载,玄幻,Qidian,54.15166786657067,1,C级普通
宿命之环,爱潜水的乌贼,3770400.0,8949,13263900,完本,玄幻,Qidian,23.67209819066765,2,B级腰部
这个地下城长蘑菇了,生吃菌子,1226200.0,12584,396400,连载,奇幻,Qidian,101.79582591813622,1,C级普通
哥布林重度依赖,絮理,1457800.0,6872,373400,连载,奇幻,Qidian,46.81836762501703,1,C级普通
大不列颠之影,趋时,4158900.0,1993,230100,连载,奇幻,Qidian,4.7806375782580535,1,C级普通
我的职业太有个性,团又圆,871000.0,3470,50599,连载,玄幻,Qidian,39.38706015891033,1,C级普通
修仙的我却来到了巫师世界,食草凯门鳄,1159700.0,2134,59500,连载,奇幻,Qidian,18.24399418654356,1,C级普通
超魔术士：开局魔网又崩了,幼稚的空想家,663300.0,1301,63500,连载,奇幻,Qidian,19.322738749443044,1,C级普通
圣女来时不纳粮,稚嫩小菠萝,3479900.0,1511,156500,连载,奇幻,Qidian,4.329636952348205,1,C级普通
诡秘：最后一个牧羊人,日暮途远锦衣夜行,1241300.0,1236,42000,连载,奇幻,Qidian,9.8777271637497,1,C级普通
主人说抽到的词条不能浪费,爱吃面的吟游诗人,554700.0,1068,15500,连载,奇幻,Qidian,18.91269700726049,1,C级普通
战锤：以涅槃之名,群鸦之潮,6368700.0,1069,134900,连载,奇幻,Qidian,1.6758900716446925,1,C级普通
我的设定在你之上！,东山余雨,796600.0,676,21100,连载,奇幻,Qidian,8.380857922142326,1,C级普通
谁把遗言落这了？,南山予鹿,746900.0,911,27700,连载,奇幻,Qidian,12.035936054961024,1,C级普通
万国之国,九鱼,2098000.0,1282,114300,连载,奇幻,Qidian,6.081593927893738,1,C级普通
从加点开始无限进化,梦笔惊鸿,1049600.0,568,21200,连载,奇幻,Qidian,5.360513401283503,1,C级普通
绝夜之旅,Andlao,715200.0,2086,49300,连载,奇幻,Qidian,28.764478764478767,1,C级普通
妈，咱家还要地不要？,麻烦,399799.0,811,8484,连载,奇幻,Qidian,19.79018982476775,1,C级普通
狗头人的巫师日志,立寸山,1281699.0,1009,81199,连载,奇幻,Qidian,7.811417365810455,1,C级普通
幽魂骑士王的地下城工程,深海鱼缸,647800.0,1622,25900,连载,奇幻,Qidian,24.657950744907268,1,C级普通
矢车菊魔女,青空乐章,697099.0,1455,62400,连载,奇幻,Qidian,20.577033767548816,1,C级普通
凛冬领主：从每日情报开始,豆浆配牛排,1463800.0,917,19100,连载,奇幻,Qidian,6.22201112769711,1,C级普通
天启预报,风月,6297600.0,680,2200200,完本,奇幻,Qidian,1.0780645570422982,2,B级腰部
玄鉴仙族,季越人,5076900.0,67128,4458400,连载,仙侠,Qidian,131.96249189093555,0,S级神作
借剑,幼儿园一把手,1057200.0,25437,353500,连载,仙侠,Qidian,238.35269865067465,3,A级潜力
山河稷,姬叉,1961800.0,53368,840500,连载,仙侠,Qidian,270.65625316969266,0,S级神作
没钱修什么仙？,熊狼狗,2712900.0,77213,2616300,连载,仙侠,Qidian,283.5689889456094,0,S级神作
赤心巡天,情何以甚,10407400.0,22285,7420700,连载,仙侠,Qidian,21.39209399658264,2,B级腰部
仙工开物,蛊真人,2740200.0,5813,3056100,连载,仙侠,Qidian,21.1366446076649,1,C级普通
山海提灯,跃千愁,2413400.0,7996,1655200,连载,仙侠,Qidian,32.99496575059833,1,C级普通
俗仙,流浪的蛤蟆,937900.0,6672,459500,连载,仙侠,Qidian,70.38717164257832,1,C级普通
红尘尸仙,一荷知夏,1598600.0,5052,207300,连载,仙侠,Qidian,31.406191719507643,1,C级普通
仙人消失之后,风行水云间,6301300.0,4948,62712800,连载,仙侠,Qidian,7.839906199990493,2,B级腰部
仙道尽头,怕辣的红椒,868500.0,11723,141700,连载,仙侠,Qidian,133.44336937962436,3,A级潜力
凡人修仙传,忘语,7675900.0,2741,15981800,完本,仙侠,Qidian,3.566270703496012,2,B级腰部
阵问长生,观虚,5605200.0,3716,661400,连载,仙侠,Qidian,6.617751816498076,1,C级普通
魔修,白特慢啊,452299.0,10214,43200,连载,仙侠,Qidian,220.93926225235185,3,A级潜力
西游：拦路人！,九月病句,501200.0,4834,59300,连载,仙侠,Qidian,94.56181533646324,1,C级普通
蜀山镇世地仙,东海镇守,2023400.0,5738,357900,连载,仙侠,Qidian,28.218746926330283,1,C级普通
不是吧君子也防,阳小戎,4352600.0,1416,449500,连载,仙侠,Qidian,3.2457708705817634,1,C级普通
乌龙山修行笔记,八宝饭,2079900.0,3805,741800,连载,仙侠,Qidian,18.206612756591223,1,C级普通
从武林门派到长生仙门,任我笑,596200.0,6167,37700,连载,仙侠,Qidian,101.7321016166282,1,C级普通
仙业,鹓扶君,2247600.0,4206,464200,连载,仙侠,Qidian,18.63040396881644,1,C级普通
重启人生,王梓钧,1932200.0,6663,929800,连载,都市,Qidian,34.30645659561322,1,C级普通
捞尸人,纯洁滴小龙,4699600.0,147944,5132000,连载,都市,Qidian,314.1328350603024,0,S级神作
都重生了谁考公务员啊,柳岸花又明,2372100.0,16481,1970400,连载,都市,Qidian,69.18685193736619,1,C级普通
重回1982小渔村,米饭的米,7662700.0,11931,1780700,连载,都市,Qidian,15.549936788874842,2,B级腰部
魅力点满，继承游戏资产,纵伐,4260100.0,11587,736800,连载,都市,Qidian,27.13519589705159,1,C级普通
以神通之名,猪心虾仁,967300.0,20637,90300,连载,都市,Qidian,211.16340939322623,3,A级潜力
刚准备高考，离婚逆袭系统来了,七月封阳,2555000.0,17509,613900,连载,都市,Qidian,68.26120857699804,1,C级普通
多我一个后富怎么了,渔雪,2416000.0,5686,710900,连载,都市,Qidian,23.437757625721357,1,C级普通
贫道要考大学,转角吻猪,1115300.0,5528,219300,连载,都市,Qidian,49.1246778636808,1,C级普通
1984：从破产川菜馆开始,轻语江湖,1583400.0,11575,198299,连载,都市,Qidian,72.6434040416719,1,C级普通
重生八一渔猎西北,羁中马,5728099.0,5447,416300,连载,都市,Qidian,9.492690872011794,1,C级普通
1987我的年代,三月麻竹,3578000.0,5246,713199,连载,都市,Qidian,14.620958751393534,1,C级普通
沸腾时代,瑞根,1640000.0,7015,251800,连载,都市,Qidian,42.51515151515152,1,C级普通
Z世代艺术家,起酥面包,1667200.0,5532,959400,连载,都市,Qidian,32.983544001907944,1,C级普通
我真没想重生啊,柳岸花又明,3130700.0,1216,4500900,完本,都市,Qidian,3.8717483363581366,1,C级普通
从山寨老头乐，到工业霸主,不是大白鸽,812600.0,2786,103600,连载,都市,Qidian,33.86822270848529,1,C级普通
非正常美食文,吨吨吨吨吨,2229700.0,4549,952400,连载,都市,Qidian,20.31075590480868,1,C级普通
那年华娱,做梦的木头,5724500.0,2456,787099,连载,都市,Qidian,4.282849420176127,1,C级普通
整座大山都是我的猎场,百李山中仙,7131400.0,6500,1110800,连载,都市,Qidian,9.101856778782873,2,B级腰部
发薪就能变强，我有十亿员工！,今月曾经照古河,3129700.0,4033,181700,连载,都市,Qidian,12.845176290728412,1,C级普通
状元郎,三戒大师,1440700.0,22160,314900,连载,历史,Qidian,152.75384297235817,3,A级潜力
红楼：我和黛玉互穿了,喜欢喝豆浆,535300.0,13625,58500,连载,历史,Qidian,249.86246103062533,3,A级潜力
大明王朝1627,一橛柴,957200.0,24533,106400,连载,历史,Qidian,253.6497105045492,3,A级潜力
草芥称王,月关,1004200.0,5909,205400,连载,历史,Qidian,58.2626700847959,1,C级普通
九龙夺嫡，我真不想当太子,三山风,1323700.0,2880,77300,连载,历史,Qidian,21.59406163305091,1,C级普通
神话版三国,坟土荒草,23204699.0,5874,11311600,连载,历史,Qidian,2.5302934145301648,2,B级腰部
红楼芳华，权倾天下,爱车的z,1704100.0,8946,123100,连载,历史,Qidian,52.19065398751532,1,C级普通
大哥说我天下无敌,历史系之狼,1288500.0,5485,103200,连载,历史,Qidian,42.24104736234116,1,C级普通
创业在晚唐,痴人陈,2774300.0,4984,99800,连载,历史,Qidian,17.90036993140107,1,C级普通
文豪1879：独行法兰西,长夜风过,1299500.0,4851,61700,连载,历史,Qidian,37.0446735395189,1,C级普通
五代风华,怪诞的表哥,743300.0,4323,100700,连载,历史,Qidian,57.387495021903625,1,C级普通
绍宋,榴弹怕水,2757600.0,2111,3511600,完本,历史,Qidian,7.627547333429686,1,C级普通
朕真的不务正业,吾谁与归,8002800.0,3094,420200,连载,历史,Qidian,3.861321884984026,2,B级腰部
我在俄国当文豪,卡拉马佐夫,1169300.0,2726,93000,连载,历史,Qidian,23.115407445094547,1,C级普通
大宋文豪,西湖遇雨,1289800.0,8092,106700,连载,历史,Qidian,62.25573165102324,1,C级普通
晋末长剑,孤独麦客,5105300.0,1697,1955200,完本,历史,Qidian,3.317498484937345,1,C级普通
高门庶子,一片雪饼,1163100.0,1503,77700,连载,历史,Qidian,12.81220697297758,1,C级普通
远山破阵曲,孑与2,1111200.0,2508,295600,连载,历史,Qidian,22.36889047449161,1,C级普通
神明调查报告,黑山老鬼,1165800.0,30001,213100,连载,科幻,Qidian,255.1539377445144,3,A级潜力
异度旅社,远瞳,1911000.0,25358,3424100,连载,科幻,Qidian,132.00416449765748,3,A级潜力
万历明君,鹤招,1489000.0,3270,613100,连载,历史,Qidian,21.81454302868579,1,C级普通
娘子，别这样！,乌鸦飞呀飞,2994600.0,1179,51300,连载,历史,Qidian,3.923983225720562,1,C级普通
天才游乐场,城城与蝉,449400.0,10817,48700,连载,科幻,Qidian,235.45929473225948,3,A级潜力
堑壕大栓与魔法,咸嘉湖灵感大王,1226500.0,5655,81700,连载,科幻,Qidian,45.7339264051759,1,C级普通
科技入侵现代,鸦的碎碎念,2489900.0,3814,174300,连载,科幻,Qidian,15.256610264410575,1,C级普通
我们小区又穿越了,我有七只猫,635200.0,3491,47900,连载,科幻,Qidian,54.107253564786106,1,C级普通
今天毁灭世界了吗？,如星也,1475500.0,2131,215400,连载,科幻,Qidian,14.34533826994278,1,C级普通
三塔游戏,更从心,2484300.0,1935,158200,连载,科幻,Qidian,7.757687527562843,1,C级普通
废土边境检查官,斤斤斤,1906000.0,6333,165500,连载,科幻,Qidian,33.053235908141964,1,C级普通
黎明之剑,远瞳,6332700.0,2391,12891600,完本,科幻,Qidian,3.769687987765463,2,B级腰部
吞噬星空2起源大陆,我吃西红柿,1508400.0,1071,3314400,完本,科幻,Qidian,7.053477344573235,1,C级普通
这游戏也太真实了,晨星LL,6920300.0,1816,4853100,完本,科幻,Qidian,2.6203771842488783,2,B级腰部
灵境行者,卖报小郎君,4179400.0,699,6403800,完本,科幻,Qidian,1.668496682102449,1,C级普通
深海余烬,远瞳,2590100.0,1124,5817200,完本,科幻,Qidian,4.322910657282413,1,C级普通
招黑体质开局修行在废土,陈风笑,8429200.0,2394,3176800,连载,科幻,Qidian,2.836761778367618,2,B级腰部
末世第一狠人,差不多了,3490299.0,1071,121300,连载,科幻,Qidian,3.0597386109015257,1,C级普通
天才俱乐部,城城与蝉,2834700.0,1012,610700,完本,科幻,Qidian,3.5574928814989275,1,C级普通
玩家重载,,,0,0,未知,,Qidian,,1,C级普通
重生末日前：我的后盾是国家,零点有雨,695300.0,1402,53200,连载,科幻,Qidian,19.878066071175382,1,C级普通
神的模仿犯,青衫取醉,972600.0,17458,294300,连载,游戏,Qidian,177.67148381844086,3,A级潜力
吞噬星空,我吃西红柿,4784600.0,778,7998000,完本,科幻,Qidian,1.622658824510908,2,B级腰部
怪物来了,一刀斩斩斩,3339700.0,13597,187300,连载,游戏,Qidian,40.59169477863689,1,C级普通
超维度玩家,诸生浮屠,2112700.0,1645,269000,连载,游戏,Qidian,7.749564234229989,1,C级普通
说好开发消消乐，地球战争什么鬼,黑心小C,1429100.0,1068,293600,完本,游戏,Qidian,7.421304982280592,1,C级普通
CS：最后一舞，舞成职业通天代,Iced子夜,1071000.0,3750,36800,连载,游戏,Qidian,34.69010175763182,1,C级普通
星渊行者,失落叶,2059800.0,2105,172600,连载,游戏,Qidian,10.170064740554643,1,C级普通
LOL：才满18，让我逆袭重生,五分想象,2451400.0,4156,239400,连载,游戏,Qidian,16.884699764361745,1,C级普通
超神机械师,齐佩甲,5168700.0,1684,9187100,完本,游戏,Qidian,3.2517813350840945,2,B级腰部
蒸汽世界的奥秘侦探,西贝猫,1459199.0,1586,85900,连载,游戏,Qidian,10.794997818539215,1,C级普通
熊学派的阿斯塔特,你干嘛呀你,5958900.0,925,208600,连载,游戏,Qidian,1.5496992745732046,1,C级普通
绝对命运游戏,宝月流光,2630200.0,575,236000,连载,游戏,Qidian,2.177865313233846,1,C级普通
异维囚笼,躺摆混,801300.0,1316,40199,连载,游戏,Qidian,16.22088006902502,1,C级普通
你这辈子就是让游戏给害了！,起点灵感大王,1142400.0,1211,13400,连载,游戏,Qidian,10.50850399166956,1,C级普通
LOL：重生S3，调教全联盟,青石离,1948000.0,451,99700,连载,游戏,Qidian,2.303370786516854,1,C级普通
冰封末世：我打造完美领地,一条小白蛇,6295900.0,653,131500,连载,游戏,Qidian,1.0355381468148877,1,C级普通
全职高手,蝴蝶蓝,5347800.0,1218,6836000,完本,游戏,Qidian,2.2733211392735826,2,B级腰部
坏了，被李相赫做局了！,想天开,875000.0,302,27599,连载,游戏,Qidian,3.412429378531073,1,C级普通
信我，我真是联盟职业选手,洛兰殇,1065300.0,619,14200,连载,游戏,Qidian,5.756533060541244,1,C级普通
无尽海洋：从独木舟开始逃生,特种兵76号,980900.0,464,21600,连载,游戏,Qidian,4.682611767080432,1,C级普通
惊悚乐园,三天两觉,4893400.0,941,4161400,完本,游戏,Qidian,1.9190765591222416,1,C级普通
星辰大道,随散飘风,2437000.0,0,236000,连载中,玄幻奇幻,Zongheng,0.0,1,C级普通
逆天邪神,火星引力,7851000.0,0,3850000,连载中,玄幻奇幻,Zongheng,0.0,2,B级腰部
圣殊,知白,458000.0,0,31000,连载中,历史,Zongheng,0.0,1,C级普通
齐天,日落红尘,1243000.0,0,7918,连载中,玄幻奇幻,Zongheng,0.0,1,C级普通
步步高升：从省考状元到权力巅峰,烟斗老哥,2169000.0,0,55000,连载中,都市,Zongheng,0.0,1,C级普通
无敌天命,青鸾峰上,3412000.0,0,390000,连载中,玄幻奇幻,Zongheng,0.0,1,C级普通
仙子，求你别再从书里出来了,佛系和尚,293000.0,0,981,连载中,都市,Zongheng,0.0,1,C级普通
众仙俯首,咸鱼老白,2031000.0,0,87000,连载中,武侠仙侠,Zongheng,0.0,1,C级普通
太荒吞天诀,铁马飞桥,14736000.0,0,202000,连载中,玄幻奇幻,Zongheng,0.0,2,B级腰部
最强狂兵Ⅱ：黑暗荣耀,烈焰滔滔,2888000.0,0,370000,连载中,都市,Zongheng,0.0,1,C级普通
万仙来朝,萧瑾瑜,1867000.0,0,153000,连载中,玄幻奇幻,Zongheng,0.0,1,C级普通
剑来,烽火戏诸侯,13059000.0,0,18725000,连载中,武侠仙侠,Zongheng,0.0,2,B级腰部
天黑请点灯,罗樵森,2247000.0,0,44000,连载中,奇闻异事,Zongheng,0.0,1,C级普通
绝色生骄,沙漠,1970000.0,0,111000,连载中,历史,Zongheng,0.0,1,C级普通
从军赋,风尘落雨,2339000.0,0,33000,连载中,历史,Zongheng,0.0,1,C级普通
问鼎：从一等功臣到权力巅峰,晨星天使,7773000.0,0,29000,连载中,都市,Zongheng,0.0,2,B级腰部
封疆悍卒,宿言辰,2047000.0,0,6706,连载中,历史,Zongheng,0.0,1,C级普通
逆流年代：从1970开始种田养家,慎思量,3699000.0,0,10000,连载中,都市,Zongheng,0.0,1,C级普通
剑斩仙门,蜗牛狂奔,564000.0,0,3566,连载中,玄幻奇幻,Zongheng,0.0,1,C级普通
天命：从大业十二年开始,赵子曰,2996000.0,0,102000,连载中,历史,Zongheng,0.0,1,C级普通
剑动仙朝,一叶青天,937000.0,0,9965,连载中,玄幻奇幻,Zongheng,0.0,1,C级普通
人间有剑,平生未知寒,1754000.0,0,62000,连载中,玄幻奇幻,Zongheng,0.0,1,C级普通
湘阳路警事,明珠蒋蒋,301000.0,0,3274,连载中,现实题材,Zongheng,0.0,1,C级普通
巅峰青云路,登封造极,4231000.0,0,6947,连载中,都市,Zongheng,0.0,1,C级普通
躺平：老婆修炼我变强,万红壮,4178000.0,0,18000,连载中,玄幻奇幻,Zongheng,0.0,1,C级普通
星辰之主,减肥专家,7863000.0,0,3517000,连载中,科幻,Zongheng,0.0,2,B级腰部
有帝族背景还开挂，我无敌了！,不太勇敢,2930000.0,0,1957,连载中,玄幻奇幻,Zongheng,0.0,1,C级普通
大明：寒门辅臣,寒梅惊雪,6692000.0,0,53000,连载中,历史,Zongheng,0.0,1,C级普通
问鼎青云：从退役功臣到权力之巅,沧海横流,2551000.0,0,6953,连载中,都市,Zongheng,0.0,1,C级普通
诡异游戏：开局觉醒Bug级天赋,予作,1646000.0,0,16000,连载中,都市,Zongheng,0.0,1,C级普通
大魏芳华,西风紧,2914000.0,0,610000,连载中,历史,Zongheng,0.0,1,C级普通
吞噬九重天,屠刀成佛,8557000.0,0,8698,连载中,玄幻奇幻,Zongheng,0.0,2,B级腰部
灰烬领主,我爱小豆,11924000.0,0,334000,连载中,玄幻奇幻,Zongheng,0.0,2,B级腰部
鸿蒙霸体诀,鱼初见,7743000.0,0,10000,连载中,玄幻奇幻,Zongheng,0.0,2,B级腰部
割鹿记,无罪,3728000.0,0,232000,连载中,历史,Zongheng,0.0,1,C级普通
大雪满龙刀,乱世狂刀,1538000.0,0,320000,连载中,玄幻奇幻,Zongheng,0.0,1,C级普通
边军悍卒,木有金箍,2487000.0,0,7275,连载中,历史,Zongheng,0.0,1,C级普通
边关兵王：从领娶罪女开始崛起,青岳,1298000.0,0,1617,连载中,历史,Zongheng,0.0,1,C级普通
凰宫梦,蓝九九,3230000.0,573,12000,连载中,古代言情,Zongheng,1.7685185185185186,1,C级普通
屠狗之辈,关中老人,2363000.0,0,281000,连载中,都市,Zongheng,0.0,1,C级普通
逍遥四公子,修果,4476000.0,0,11000,连载中,历史,Zongheng,0.0,1,C级普通
武道长生，从大离第一纨绔开始,借我三两风,1162000.0,0,3725,连载中,玄幻奇幻,Zongheng,0.0,1,C级普通
星际猎人,太极阴阳鱼,1476000.0,0,29000,连载中,科幻,Zongheng,0.0,1,C级普通
权力巅峰,任风萧,4906000.0,0,13000,连载中,都市,Zongheng,0.0,1,C级普通
皇叔借点功德，王妃把符画猛了,安卿心,3739000.0,312,16000,连载中,古代言情,Zongheng,0.8322219258468926,1,C级普通
解春衫,随山月,599000.0,234,889,连载中,古代言情,Zongheng,3.8423645320197046,1,C级普通
道侣背叛后，我征服女帝证大道,抹茶春卷,2227000.0,0,3347,连载中,玄幻奇幻,Zongheng,0.0,1,C级普通
五仙门,看得两叁言,9694000.0,0,100000,连载中,武侠仙侠,Zongheng,0.0,2,B级腰部
全家夺我军功，重生嫡女屠了满门,我吃饱饱,1829000.0,232,878,连载中,古代言情,Zongheng,1.2615551930396955,1,C级普通
离婚后她惊艳了世界,明婳,7585000.0,944,29000,连载中,现代言情,Zongheng,1.2429229756418696,2,B级腰部
源力过载,我爱小豆,1717000.0,0,22000,连载中,玄幻奇幻,Zongheng,0.0,1,C级普通
大明第一墙头草,随轻风去,852000.0,0,16000,连载中,历史,Zongheng,0.0,1,C级普通
从县委书记到权力巅峰,任语丁,4507000.0,0,5016,连载中,都市,Zongheng,0.0,1,C级普通
第一剑仙,火神,1614000.0,0,10000,连载中,玄幻奇幻,Zongheng,0.0,1,C级普通
踏星,随散飘风,17017000.0,0,1348000,完结,科幻,Zongheng,0.0,2,B级腰部
葬神棺,浮生一诺,5745000.0,0,6207,连载中,玄幻奇幻,Zongheng,0.0,1,C级普通
重生1958：从窝在深山打猎开始,妖道无涯,4323000.0,0,11000,连载中,都市,Zongheng,0.0,1,C级普通
逆天邪神：师尊，你不太对劲,叁石平金泽,388000.0,0,2249,连载中,玄幻奇幻,Zongheng,0.0,1,C级普通
大乾最狂驸马爷,半程烟雨,2627000.0,0,6711,连载中,历史,Zongheng,0.0,1,C级普通
盖世神医,狐颜乱语,7928000.0,0,4188,连载中,都市,Zongheng,0.0,2,B级腰部
极道剑尊,二十七杯酒,9117000.0,0,8626,连载中,玄幻奇幻,Zongheng,0.0,2,B级腰部
火红年代：知青小医生，青梅陪我下乡,磐石开花,1919000.0,0,338,连载中,都市,Zongheng,0.0,1,C级普通
抢我婚约嫁太子？我携孕肚嫁皇帝,缓缓归,693000.0,152,467,连载中,古代言情,Zongheng,2.1621621621621623,1,C级普通
网游：开局刮刮乐，觉醒唯一SSS天赋,亦晨,1876000.0,0,1118,连载中,游戏,Zongheng,0.0,1,C级普通
步步登阶,江湖如梦,1469000.0,0,1293,连载中,都市,Zongheng,0.0,1,C级普通
阴脉先生,想看许多风景的兔子,3404000.0,0,52000,连载中,奇闻异事,Zongheng,0.0,1,C级普通
朱门春闺,琼玉,324000.0,153,116,连载中,古代言情,Zongheng,4.580838323353293,1,C级普通
新官路商途,更俗,3208000.0,0,834000,完结,都市,Zongheng,0.0,1,C级普通
天上白玉京,莫问江湖,983000.0,0,22000,连载中,玄幻奇幻,Zongheng,0.0,1,C级普通
第一天骄,苏月夕,1964000.0,0,25000,连载中,玄幻奇幻,Zongheng,0.0,1,C级普通
囚仙塔,醉卧九重云,495000.0,0,3113,连载中,玄幻奇幻,Zongheng,0.0,1,C级普通
舔狗反派只想苟，女主不按套路走！,我是愤怒,5124000.0,0,6021,连载中,都市,Zongheng,0.0,1,C级普通
盘龙神剑,列夕,3375000.0,0,15000,连载中,玄幻奇幻,Zongheng,0.0,1,C级普通
巅峰权途,争渡,3464000.0,0,2416,连载中,都市,Zongheng,0.0,1,C级普通
孩子谁爱生谁生，我勾帝心夺凤位,爱吃石榴,1770000.0,132,2847,连载中,古代言情,Zongheng,0.7415730337078652,1,C级普通
被贵妃配给太监当对食后,沙子,1620000.0,131,1547,连载中,古代言情,Zongheng,0.803680981595092,1,C级普通
触碰蔷薇,子木李,1558000.0,116,29000,连载中,现代言情,Zongheng,0.7397959183673469,1,C级普通
开局丹田被废，我靠炼丹杀疯了,码字养猫,2516000.0,0,516,连载中,玄幻奇幻,Zongheng,0.0,1,C级普通
葬仙棺,执笔人,3505000.0,0,993,连载中,玄幻奇幻,Zongheng,0.0,1,C级普通
财戒,嚣张农民,2588000.0,0,1008,连载中,都市,Zongheng,0.0,1,C级普通
人在末世，我能联通现实,精英hr,2448000.0,0,48000,连载中,科幻,Zongheng,0.0,1,C级普通
万相之王,天蚕土豆,4798000.0,0,257000,完结,玄幻奇幻,Zongheng,0.0,1,C级普通
二婚嫁京圈大佬，渣前夫疯了,程以贰,3534000.0,108,4975,连载中,现代言情,Zongheng,0.3047404063205418,1,C级普通
重生78，开局被女知青退婚,风里掌灯见惊泓,4612000.0,0,14000,连载中,都市,Zongheng,0.0,1,C级普通
顾总，你前妻在科研界杀疯了！,席宝贝,1658000.0,101,3631,连载中,现代言情,Zongheng,0.605515587529976,1,C级普通
我医武双绝，踏出女子监狱起无敌！,清风万里,2214000.0,0,562,连载中,都市,Zongheng,0.0,1,C级普通
陆地键仙,六如和尚,7732000.0,0,470000,连载中,玄幻奇幻,Zongheng,0.0,2,B级腰部
无敌逍遥侯,沧海种树,1468000.0,0,178,连载中,历史,Zongheng,0.0,1,C级普通
高武校长，我的实力是全校总和！,邯郸财阀,1423000.0,0,1438,连载中,都市,Zongheng,0.0,1,C级普通
重生2000：从追求青涩校花同桌开始,痞子老妖,4300000.0,0,9130,完结,都市,Zongheng,0.0,1,C级普通
万剑朝宗,六道沉沦,1443000.0,0,17000,连载中,玄幻奇幻,Zongheng,0.0,1,C级普通
大荒剑帝,食堂包子,5163000.0,0,56000,连载中,玄幻奇幻,Zongheng,0.0,1,C级普通
被贬边疆，成就最强藩王,绯雨,1363000.0,0,562,连载中,历史,Zongheng,0.0,1,C级普通
打到北极圈了，你让我继承皇位？,橡皮泥,2474000.0,0,1659,连载中,历史,Zongheng,0.0,1,C级普通
离婚三天：我冷淡至极，他索吻成瘾,风羽轻轻,1453000.0,89,4035,连载中,现代言情,Zongheng,0.608339029391661,1,C级普通
他说不爱，婚后却沦陷了,如鱼,1736000.0,83,691,连载中,现代言情,Zongheng,0.4753722794959908,1,C级普通
第五年重逢，驰先生再度失控,锦锦不是妖,442000.0,84,295,连载中,现代言情,Zongheng,1.8584070796460173,1,C级普通
重生急诊医生：从挽救市长千金开始,纸扇不用扇,2105000.0,0,2162,连载中,都市,Zongheng,0.0,1,C级普通
老公重生没选我？闪婚消防员爽翻了,一碗水饺,1175000.0,82,431,连载中,现代言情,Zongheng,0.6919831223628692,1,C级普通
凡尘飞仙,齐甲,4797000.0,0,578,连载中,武侠仙侠,Zongheng,0.0,1,C级普通
嫁太监？踏破鬼门女帝凤临天下,狐狸九,1044000.0,79,511,连载中,古代言情,Zongheng,0.7495256166982922,1,C级普通
弑神仙尊,浪迹天涯觅卿归,1241000.0,0,28000,连载中,玄幻奇幻,Zongheng,0.0,1,C级普通
吃蘑菇后，我成了绝世古仙医,李闲鱼,1459000.0,0,10000,连载中,都市,Zongheng,0.0,1,C级普通
我省府大秘，问鼎京圈,林新儿,1233000.0,0,268,连载中,都市,Zongheng,0.0,1,C级普通
妙手大仙医,金佛,4097000.0,0,8038,连载中,都市,Zongheng,0.0,1,C级普通
混沌塔,惊蛰落月,3079000.0,0,1780,连载中,玄幻奇幻,Zongheng,0.0,1,C级普通
阎王下山,苍月夜,4374000.0,0,5069,连载中,都市,Zongheng,0.0,1,C级普通
吞天混沌经：开局先吞圣女修为,一阵乱写,3971000.0,0,135,连载中,玄幻奇幻,Zongheng,0.0,1,C级普通
盗天之路,二郎骑牛,573000.0,0,26000,连载中,玄幻奇幻,Zongheng,0.0,1,C级普通
剑来：宁姚做大，秀做小,隋家书香院,1337000.0,0,816,连载中,N次元,Zongheng,0.0,1,C级普通
阴当,北派无尽夏,1244000.0,66,1664,连载中,现代言情,Zongheng,0.5263157894736842,1,C级普通
侯门第一纨绔,开门迎客,1363000.0,0,811,连载中,历史,Zongheng,0.0,1,C级普通
忘川引渡人,猛吃八大碗,182000.0,0,564,连载中,玄幻奇幻,Zongheng,0.0,1,C级普通
警报！真龙出狱！,红透半边天,2347000.0,0,1425,连载中,都市,Zongheng,0.0,1,C级普通
武道长生：从猎户开始加点修行,尼罗河,271000.0,0,1391,连载中,玄幻奇幻,Zongheng,0.0,1,C级普通
都市古仙医2：大医镇世,超爽黑啤,1085000.0,0,1895,连载中,都市,Zongheng,0.0,1,C级普通
仙棺，神墟，剑无敌！,千年老龟,5414000.0,0,2871,连载中,玄幻奇幻,Zongheng,0.0,1,C级普通
东北修道三十年，世人敬我如敬神,火出全宇宙,616000.0,0,789,连载中,奇闻异事,Zongheng,0.0,1,C级普通
从省府大秘到权力巅峰,一起功成名就,1647000.0,0,2357,连载中,都市,Zongheng,0.0,1,C级普通
敲骨吸髓？重生另选家人宠我如宝,清砚,814000.0,56,274,连载中,古代言情,Zongheng,0.6796116504854368,1,C级普通
