author_name,book_url,category_name,crawl_time,is_vip,monthly_ticket_count,rank,reward_count,sign_status,source_site,status,sub_category_name,synopsis,title,total_recommend_str,total_recommendation_count,week_recommend,week_recommendation_count,word_count,word_count_str,ticket_per_10k,heat_ratio,loyalty_score,status_score,sentiment_score,cut_synopsis,topic_id
鹤守月满池,https://www.qidian.com/book/1043182343/,玄幻,2025-12-17 17:26:51,True,87493,1,112,签约,qidian_cookie_detail,连载,东方玄幻,吕阳穿越修仙界，却成了魔门初圣宗的弟子。幸得异宝【百世书】，死后可以重开一世，让一切从头再来，还能带回前世的宝物，修为，寿命，甚至觉醒特殊的天赋。奈何次数有限，并非真的不死不灭。眼见修仙界乱世将至，吕阳原本决定先在魔门苟住，一世世苦修，不成仙不出山，奈何魔门凶险异常，遍地都是人材。第一世，吕阳惨遭师姐暗算。第二世，好不容易反杀师姐，又遭师兄毒手。第三世，第四世……直到百世之后，再回首，吕阳才发现自己已经成为了一代魔道巨擘，初圣宗里最畜生的那一个。“魔门个个都是人材，说话又好听。”“我超喜欢这里的！”,苟在初圣魔门当人材,149.33万,1493300,13154,13154,2970800,297.08万,293.521873322598,0.0088086728663544,0.0012800877774475,1.0,0.9999999965316329,吕阳 穿越 修仙 却成 魔门 初圣宗 弟子 幸得 异宝 百世 死后 可以 重开 一世 一切 从头再来 带回 前世 宝物 修为 寿命 甚至 觉醒 特殊 天赋 奈何 次数 有限 并非 真的 不死 不灭 眼见 修仙 乱世 吕阳 原本 决定 魔门 苟住 一世 苦修 成仙 出山 奈何 魔门 凶险 异常 遍地 人材 第一 吕阳 惨遭 师姐 暗算 第二 好不容易 反杀 师姐 师兄 毒手 第三 第四 直到 百世 之后 再回首 吕阳 发现自己 已经 成为 一代 巨擘 初圣宗里 畜生 魔门 个个 人材 说话 好听 我超 喜欢 这里,1
辰东,https://www.qidian.com/book/1040765595/,玄幻,2025-12-17 17:26:51,True,52102,2,79,签约,qidian_cookie_detail,连载,东方玄幻,那一天太阳落下再也没有升起…………………,夜无疆,817.67万,8176700,34647,34647,2597300,259.73万,199.8312430483642,0.0042372834716592,0.0015162274725063,1.0,0.9348330687606993,一天 太阳 落下 再也 升起,0
关关公子,https://www.qidian.com/book/1039457453/,玄幻,2025-12-17 17:26:51,True,15436,3,38,签约,qidian_cookie_detail,连载,东方玄幻,“事情是这样的，我当初身陷绝境，意外遇见了一条龙，它非说我是习武奇才，要给我指条通仙大道……”“这就是你挖开魔神陵，给妖魔当奴仆的理由？！”“我谢尽欢从不屈居人下，它才是奴仆，准确来说，我是被一条龙服务过……”……已有完本万订《世子很凶》《仙子很凶》《女侠且慢》，感兴趣的朋友可以先看老书~,鸣龙,159.86万,1598600,8520,8520,1824800,182.48万,84.1290603880532,0.0053296601215687,0.0024616181900628,1.0,0.9999623621071501,事情 这样 当初 身陷 绝境 意外 遇见 一条龙 习武 奇才 指条 通仙 大道 就是 挖开 魔神 妖魔 奴仆 理由 我谢 尽欢 从不 屈居人 奴仆 准确 来说 一条龙 服务 已有 完本 万订 世子 仙子 女侠 且慢 感兴趣 朋友 可以 先看 老书,3
在水中的纸老虎,https://www.qidian.com/book/1045003390/,玄幻,2025-12-17 17:26:51,True,17418,4,6,签约,qidian_cookie_detail,连载,东方玄幻,命格在手，苟道求生！陈庆穿越了，却穿进一个武道为尊、人命贱如草的乱世。开局便是哑子湾的贫苦渔家子，父亲被抓徭役杳无音信，孤儿寡母被官府税赋与帮派“龙王香火”层层盘剥，挣扎在饿死的边缘。天无绝人之路，他脑海中悬着一道【命格：天道酬勤，必有所成】！这意味着任何技艺，对他而言没有资质门槛，没有瓶颈阻隔，只要付出，必有回报！,苟在武道世界成圣,21.58万,215799,2861,2861,1896100,189.61万,91.3803053355018,0.0132576459684893,0.0003444514610482,1.0,0.9999998696804374,命格 在手 苟道 求生 陈庆 穿越 武道 人命 贱如草 乱世 开局 便是 哑子 贫苦 渔家 父亲 徭役 杳无音信 孤儿寡母 官府 税赋 帮派 龙王 香火 层层 盘剥 挣扎 饿死 边缘 天无绝人之路 脑海中 悬着 一道 命格 天道酬勤 有所 意味着 任何 技艺 而言 资质 门槛 瓶颈 阻隔 只要 付出 必有 回报,4
甲壳蚁,https://www.qidian.com/book/1037570737/,玄幻,2025-12-17 17:26:51,True,14590,5,14,签约,qidian_cookie_detail,连载,东方玄幻,【已有完结七千均大精品，品质保障，放心阅读。】选择大于努力！武师们为陆地宝树打的头破血流，深水神草却无人问津。穿越成渔民的梁渠获得水泽之鼎，炼化【水猴子】天赋，统御水兽，一路收割，踏上巅峰！【水猴子】→【泽狨】→【水王猿】→【淮涡水君】！从此万里泽涛由我做主！…………洪水滔滔。人们跪拜祈福，献上祭品。“求水神大人保佑......”靠，能不能别向我祭祀少女了，我真不是水神啊！,从水猴子开始成神,155.45万,1554500,4358,4358,3632600,363.26万,40.05380771976061,0.0028034719823274,0.0009594955794667,1.0,0.9999999825196778,已有 完结 七千 精品 品质 保障 放心 阅读 选择 大于 努力 武师 陆地 宝树 头破血流 深水 神草 无人问津 穿越 渔民 梁渠 获得 水泽 之鼎 炼化 猴子 天赋 统御 水兽 一路 收割 踏上 巅峰 猴子 水王 淮涡 水君 从此 万里 泽涛 做主 洪水 滔滔 人们 跪拜 祈福 献上 祭品 水神 大人 保佑 ...... 不能 别向 祭祀 少女 不是 水神,2
苍天霸主,https://www.qidian.com/book/1038440253/,玄幻,2025-12-17 17:26:52,True,1985,6,11,签约,qidian_cookie_detail,连载,东方玄幻,（又名《玄灵天帝》方辰）”江凡，我后悔了！“当许怡宁发现，自己宁死不嫁的窝囊未婚夫，娶了姐姐，将她培养成一代女帝时，她后悔了。如果时间可以重来，她一定不会任性的让姐姐替嫁！,太虚至尊,27.82万,278200,1415,1415,4673000,467.3万,4.238735853085629,0.0050862505886032,0.0055387713997985,1.0,0.9422138617892576,又名 玄灵 天帝 方辰 江凡 后悔 当许 怡宁 发现 宁死 不嫁 窝囊 未婚夫 姐姐 培养 一代 女帝 后悔 如果 时间 可以 一定 不会 任性 姐姐,3
会说话的肘子,https://www.qidian.com/book/1033014772/,玄幻,2025-12-17 17:26:52,True,14523,7,27,签约,qidian_cookie_detail,连载,东方玄幻,少时光阴长，泼酒翻红巷。权为砖墙利为瓦，宾朋倚满帐。醒来恨日短，大梦二十转。忽觉同行常八九，真心无二三。噫吁兮，听雪孤舟上，坐看天地远。,青山,218.87万,2188700,4501,4501,1749800,174.98万,82.52642345721105,0.0020564709386983,0.0018589920132194,1.0,0.9081990431397273,少时 光阴 泼酒 翻红 权为 砖墙 利为 宾朋 倚满 醒来 二十 忽觉 同行 八九 真心 二三 听雪 孤舟 天地,1
烟雨江南,https://www.qidian.com/book/1038996214/,玄幻,2025-12-17 17:26:52,True,14444,8,19,签约,qidian_cookie_detail,连载,东方玄幻,卫渊本无大志，但在时代洪流中不得不走上征战四方、开疆辟土之路，直至关山踏尽，未曾白头。不正经的简介一：仙人也怕工业化！这是一个发生在玄幻世界的工业革命的故事。,龙藏,173.18万,1731800,5421,5421,3287200,328.72万,43.806866432124224,0.0031302672766674,0.0013153340256143,1.0,0.9999630621840393,卫渊本 大志 时代 洪流 不得不 走上 征战 四方 开疆辟土 直至 关山 踏尽 未曾 白头 不正经 简介 仙人 工业化 这是 发生 玄幻 世界 工业革命 故事,4
误道者,https://www.qidian.com/book/1037676014/,玄幻,2025-12-17 17:26:52,True,7239,9,9,签约,qidian_cookie_detail,连载,东方玄幻,如果人类的生命可以一直强大下去，无限拔高，那终有一日能与天相接！…………《天人图谱》书友群，群号：（535311175）,天人图谱,323.34万,3233399,5943,5943,5225500,522.55万,13.826759621812627,0.0018380033401373,0.0012430939226519,1.0,0.9992986019643588,如果 人类 生命 可以 一直 强大 下去 无限 拔高 那终 一日 相接 图谱 书友 群号 535311175,2
宅猪,https://www.qidian.com/book/1039994731/,玄幻,2025-12-17 17:26:52,True,4378,10,5,签约,qidian_cookie_detail,连载,东方玄幻,我的爷爷很古怪，他每天给自己上香，站在自己的灵位前吃蜡烛。村里的人都很怕爷爷。我也很怕爷爷。后来我才发现，他们害怕的不是爷爷，而是我。爷爷也很怕我。……我叫陈实。诚实的陈，老实的实。来阅文旗下网站阅读我的更多作品吧！,大道之上,308.41万,3084100,3417,3417,3237000,323.7万,13.483215275639052,0.0011079403690086,0.0011418131993605,1.0,0.9964372568328131,爷爷 古怪 每天 灵位 蜡烛 村里 爷爷 爷爷 后来 发现 他们 害怕 不是 爷爷 而是 爷爷 陈实 诚实 老实 阅文 旗下 网站 阅读 作品,4
神威校尉,https://www.qidian.com/book/1039640376/,玄幻,2025-12-17 17:26:53,True,2998,11,0,签约,qidian_cookie_detail,连载,东方玄幻,【全新设定】【体系完善】一觉醒来，你成为了玄幻游戏中的【司农】官。【王朝鼎盛】版本：你苦修《节气令》，从【风调雨顺】到【呼风唤雨】、从【五谷丰登】到【万物生长】、号令四季，默默发育。你小有成就，随军出征、掌《四农书》，冰封千里大河，为大军开道，《瘴气》杀敌，《雾影》阻万军，立不世战功，位居大司农，窃王朝命数，尽归吾身。【灵气复苏】版本：你养育【山精野怪】：双生并蒂莲使你水火不侵，七星剑竹一剑光寒十九州、寄生种以生灵为养分、虚空种扎根空间吸收天地灵气……你开辟内景地，育仙种，【太乙神莲】分身千万！【生命古树】不死不灭！“一粒真种落丹田，可育灵苗活万年，有朝一日功行满，我命由我不由天！”“心火日照，肾水为源，脾为土蔵、肺金练气、肝气养神。以身为基，育原生种、养万法，成就神农道君！”,神农道君,120.69万,1206900,1082,1082,4798800,479.88万,6.234403593412078,0.0008965109814309,0.0,1.0,1.0,全新 设定 体系 完善 觉醒 成为 玄幻 游戏 司农 王朝 鼎盛 版本 苦修 节气 风调雨顺 呼风唤雨 五谷丰登 万物 生长 号令 四季 默默 发育 小有成就 随军 出征 四农书 冰封 千里 大河 大军 开道 瘴气 杀敌 雾影 万军 立不世 战功 位居 大司农 王朝 命数 尽归吾身 灵气 复苏 版本 养育 精野怪 双生 并蒂莲 水火 不侵 七星 一剑 光寒 十九 寄生 种以 生灵 养分 虚空 扎根 空间 吸收 天地 灵气 开辟 内景 育仙种 太乙神 分身 千万 生命 古树 不死 不灭 一粒 真种 丹田 可育 灵苗活 万年 有朝一日 功行 我命 不由 心火 日照 肾水 为源 脾为 肺金 练气 肝气 养神 身为 原生 养万法 成就 神农 道君,1
狐尾的笔,https://www.qidian.com/book/1045191725/,玄幻,2025-12-17 17:26:53,True,4518,12,6,签约,qidian_cookie_detail,连载,东方玄幻,伴随着时间的冲刷，张文达总感觉有些记忆里的东西变得抽象了起来，他不知道真是这样，还是记忆的曲解。然而当他忽然再次面对那些东西的时候，他发现这个世界变得不对劲起来。,旧域怪诞,28.63万,286300,2538,2538,703199,70.32万,63.3483782226279,0.0088647961411242,0.0013277273733126,1.0,0.9998095625875877,伴随 时间 冲刷 张文达 感觉 有些 记忆里 东西 变得 抽象 起来 知道 真是 这样 还是 记忆 曲解 然而 忽然 再次 面对 那些 东西 时候 发现 这个 世界 变得 不对劲 起来,0
阎ZK,https://www.qidian.com/book/1044839471/,玄幻,2025-12-17 17:26:53,True,3126,13,7,签约,qidian_cookie_detail,连载,东方玄幻,妖魔，神仙，志怪，江湖。酒馆当中，胡人酒女笑着避开旁人手掌，裙下尾巴晃动；夜市之内，兜帽下面也不知几个是人，几个是鬼；山川上头走猛虎，洞庭湖里老龙眠。一把剑，一个人，一卷书。路在前方，道在心里，而剑在手上。斩妖除魔，仙神退避。真君驾到，百无禁忌。,真君驾到,17.54万,175400,995,995,1700000,170万,18.28070175438597,0.0056727156629665,0.0022385673169171,1.0,0.9999999976202616,妖魔 神仙 志怪 江湖 酒馆 当中 胡人 酒女 避开 旁人 手掌 裙下 尾巴 晃动 夜市 之内 兜帽 下面 不知 几个 几个 山川 上头 猛虎 洞庭湖 老龙眠 一把 一卷 前方 心里 手上 斩妖 除魔 仙神 退避 真君 驾到 百无禁忌,4
鹦鹉咬舌,https://www.qidian.com/book/1032634963/,玄幻,2025-12-17 17:26:53,True,4159,14,9,签约,qidian_cookie_detail,连载,东方玄幻,散落大地的神秘奇诡之剑，等待着它们名动天下的剑主。谁人又能勘悟流传万古的奇术绝经？长安百坊间暗藏举火吞日之人，中原坐落着庞大腐朽的千年世家，北境沉默悍战的荒人磨刀霍霍，南方列国之间歌舞升平尔虞我诈……而在高远青冥之上，一双笼罩世间的苍目正在缓缓睁开。裴液抬着头拔出腹中的长剑：“太一真龙仙君……就让我们看看，到底谁是谁的食物吧。”,食仙主,44.86万,448600,1367,1367,3080100,308.01万,13.45911135561956,0.0030472513436216,0.0021634615384615,1.0,0.9999999999999283,散落 大地 神秘 奇诡 之剑 等待 它们 名动 天下 勘悟 流传 万古 奇术 绝经 长安 坊间 暗藏 举火 吞日 中原 坐落 庞大 腐朽 千年 世家 北境 沉默 悍战 荒人 磨刀霍霍 南方 列国 之间 歌舞升平 尔虞我诈 高远 青冥 之上 一双 笼罩 世间 苍目 正在 缓缓 睁开 裴液 拔出 腹中 长剑 太一真龙 仙君 就让 我们 看看 到底 食物,3
林守镜,https://www.qidian.com/book/1046432773/,玄幻,2025-12-17 17:26:54,True,10468,15,5,签约,qidian_cookie_detail,连载,东方玄幻,大新民国三年，时局崩裂。南方政府初立，北方军阀割据混战。西洋铁舰叩关，前朝幽魂不散。这是一个火枪与筋骨争锋、乱党与邪祟共舞的时代——革命暗潮之下，民间邪教滋生，兵武、妖魔、异兽、殖装铁躯…滂沱雨夜，盛海租界。傅觉民立于倾颓的巨厦废墟中，缓缓将双手从面前五米高、白头赤足的猿形巨怪胸膛中一点点抽出。血水混着雨水自他指尖滴落。“山海遗种，苍生余孽。”“吞了这只蕴含一丝朱厌血脉的异兽魂种，我【神话五禽戏】的最后一禽，也该补齐了吧…”,浊世武尊,3.79万,37900,1601,1601,340700,34.07万,298.4887368120901,0.0422416295084562,0.0004776005349125,1.0,0.9999999999999789,大新 民国 三年 时局 崩裂 南方 政府 初立 北方 军阀割据 混战 西洋 铁舰 叩关 前朝 幽魂不散 这是 火枪 筋骨 争锋 乱党 邪祟 共舞 时代 革命 暗潮 之下 民间 邪教 滋生 兵武 妖魔 异兽 殖装 铁躯 滂沱 雨夜 盛海 租界 觉民 立于 倾颓 巨厦 废墟 缓缓 双手 面前 五米 白头 赤足 形巨怪 胸膛 一点点 抽出 血水 混着 雨水 自他 指尖 滴落 山海 遗种 苍生 余孽 蕴含 一丝 朱厌 血脉 异兽 魂种 神话 五禽戏 最后 一禽 补齐,4
乘风御剑,https://www.qidian.com/book/1046673309/,玄幻,2025-12-17 17:26:54,True,3329,16,2,签约,qidian_cookie_detail,连载,东方玄幻,每当我受到迫害、压榨时，我都会感到发自内心的高兴、喜悦，因为，还有人敢迫害我、压榨我，只能证明一个问题，我不够强！还有人，比我更强！我，还不是真正的无敌！我的前方，还有路！这……是何等的令人喜悦口牙。,天下无敌！,6.16万,61600,1860,1860,567400,56.74万,57.65500519570488,0.0301943150273534,0.0006006006006006,1.0,0.9999983450531534,每当 受到 迫害 压榨 感到 发自内心 高兴 喜悦 因为 还有 人敢 迫害 压榨 只能 证明 问题 不够 还有 不是 真正 无敌 前方 还有 何等 令人 喜悦 口牙,2
平层,https://www.qidian.com/book/1046310214/,玄幻,2025-12-17 17:26:54,True,8012,17,35,签约,qidian_cookie_detail,连载,东方玄幻,大禹仙朝，千年传承。明君在位，悍臣满朝。盛世之下，暗流涌动。神魔窥伺，妖孽潜行。连山信觉醒天赋神通“天眼查”，可看穿旁人最不可告人之秘密。于是，大禹第一神探横空出世。“前面忘了，后面忘了，中间也忘了，反正你就是凶手。”“太子，你也不想你的秘密被太子妃知道吧？”“陛下何故造反？”,仙朝鹰犬,3.81万,38100,1187,1187,614100,61.41万,128.37686268226247,0.0311540379517597,0.0043679021589916,1.0,0.9999999999999998,大禹 仙朝 千年 传承 明君 在位 悍臣 满朝 盛世 之下 暗流 涌动 神魔 窥伺 妖孽 潜行 连山 觉醒 天赋 神通 天眼 看穿 旁人 不可告人 秘密 于是 大禹 第一 神探 横空出世 前面 后面 中间 反正 就是 凶手 太子 不想 秘密 太子妃 知道 陛下 何故 造反,0
古羲,https://www.qidian.com/book/1038367936/,玄幻,2025-12-17 17:26:54,True,661,18,1,签约,qidian_cookie_detail,连载,东方玄幻,乱世求生，盛世求名。饱经风霜的大禹朝仍处于盛世年间。西北有少年徒步九千里，孤身斩大妖，争一世功名。龙湖，有不世宗师赶赴人间，开宗立派，百世留名。帝都有圣人传道万千，教徒遍布各州，流芳千古。而在青州城内，一座将门世家院落中。有个孩童却整日不务正业，只知下棋作画，垂钓弹琴。多年后——……剑起龙烟三千里，一剑斩尽九洲城！世间万法，唯我，入道也。……继《超神宠兽店》《黑暗王者》《永夜神行》《重启末世》……最新力作，欢迎品尝。【轻松幽默】【武道面板】【艺术大师】【腹黑】,万世之名,1017.94万,10179400,323,323,3496100,349.61万,1.8852856450186817,3.1730747221766784e-05,0.0015105740181268,1.0,0.9999999999999944,乱世 求生 盛世 求名 饱经风霜 大禹 处于 盛世 年间 西北 少年 徒步 千里 孤身 斩大 一世 功名 龙湖 世宗 赶赴 人间 开宗立派 百世 留名 帝都 圣人 传道 万千 教徒 遍布 各州 流芳千古 青州 城内 一座 将门 世家 院落 有个 孩童 整日 不务正业 只知 下棋 作画 垂钓 弹琴 多年 起龙烟 三千里 一剑 斩尽 九洲 世间 万法 入道 超神 宠兽 黑暗 王者 永夜 神行 重启 末世 最新 力作 欢迎 品尝 轻松 幽默 武道 面板 艺术大师 腹黑,0
猪三不,https://www.qidian.com/book/1040259451/,玄幻,2025-12-17 17:26:54,True,2797,19,8,签约,qidian_cookie_detail,连载,东方玄幻,许进只是在九盏星灯前拜了几拜，就来到这方能够接引星光入已身的世界，然后，他又在九盏星灯前拜了拜.....******《基因大时代》《造化之王》《掌御星辰》这三本小说，最高订7万+，最低高订3万+，最低均订7600+，本本400万字往上，人品保证，请放心入坑。,星武纪元,4442.64万,44426400,1364,1364,4659100,465.91万,5.990447837913088,3.070246450978552e-05,0.0028591851322373,1.0,0.999823277032651,许进 只是 九盏 星灯 几拜 来到 这方 能够 接引 星光 已身 世界 然后 九盏 星灯 ..... 基因 时代 造化 之王 掌御 星辰 三本 小说 最高 最低 高订 最低 均订 7600 本本 400 万字 人品 保证 放心 入坑,3
沙拉古斯,https://www.qidian.com/book/1046738077/,玄幻,2025-12-17 17:26:55,True,16728,20,14,签约,qidian_cookie_detail,连载,东方玄幻,拿个碗，填好土，数个一二三四五。种个蛤蟆变火车，种颗毛豆变老虎。种出一身好手艺，一生享福不受苦。万生有行三百六，条条大路谁做主？那位木匠好本事，墨线弹指分阴阳，榫卯环扣镇八荒。这位铁匠有手段，铁火一炉鸣乾坤，锻锤千击裂晨昏。又有裁缝野心大，寸缕回风裁世象，绣针一点连四方。还有厨子心肠狠，铁灶燃狱煮红尘，刃起风雷骨作薪。万生州，千人千面，万生万变。张来福站在人海当中，得意洋洋笑道：“来，跟着咱享福去！”,万生痴魔,7.85万,78500,2637,2637,371700,37.17万,438.2499345035368,0.0335919287652386,0.0008368701058042,1.0,0.9999999999619138,拿个 填好 数个 一二三四五 种个 蛤蟆 火车 种颗 毛豆 老虎 种出 一身 手艺 一生 享福 受苦 万生 有行 三百六 条条 大路 做主 那位 木匠 本事 墨线 弹指 阴阳 榫卯 环扣 八荒 这位 铁匠 手段 铁火 一炉鸣 乾坤 锻锤 千击裂 晨昏 裁缝 野心 寸缕 回风裁 世象 绣针 一点 四方 还有 厨子 心肠 铁灶 燃狱 红尘 风雷 骨作薪 万生州 千人 千面 万生 万变 张来 福站 人海 当中 得意洋洋 跟着 享福,2
狐尾的笔,https://www.qidian.com/book/1031794030/,玄幻,2025-12-17 17:26:56,True,1454,23,30,签约,qidian_cookie_detail,连载,东方玄幻,诡异的天道，异常的仙佛，是真？是假？陷入迷惘的李火旺无法分辨。可让他无法分辨的不仅仅只是这些。还有他自己，他病了，病的很重。,道诡异仙,167.05万,1670500,1036,1036,2208900,220.89万,6.552796430663843,0.0006201732294682,0.0206185567010309,1.0,0.9745547613830872,诡异 天道 异常 仙佛 陷入 迷惘 火旺 无法 分辨 无法 分辨 不仅仅 只是 这些 还有 他病 很重,1
湖上明月亮,https://www.qidian.com/book/1039084315/,玄幻,2025-12-17 17:26:55,True,2270,21,0,签约,qidian_cookie_detail,连载,东方玄幻,【均订过万精品必读】【八十章起势】【非常规视角】【武道新尝试】【体系流】【淡淡品悦，书香自在】陈平安穿越数年，在便宜老爹临死前的运作下，成了一名不入册的临时差役。世道艰难，命比纸薄。本打算就这么谨微慎行本本分分过一辈子的他，却突然发现了专属于他的修行方式。自此，气血如龙，内气成罡，乾坤清气，天霖降顶！差役，差头，差司，指挥使......“大人，外面风大，您看要不要披件披风。”“都使大人严令，山城戒严，敢有犯乱者，杀无赦。”“卑职熊三让，参见大人，大人千岁，千岁千千岁！”世家贵女，魔门妖女，隐世传人，封疆大吏，邪道巨擘，宗门老祖，王朝公主，天骄红颜......时光荏苒，再回首时，他已登顶至高。“大局大局，吾既大局！吾乃人族第一天骄，陈平安！”“没有我，何来的大局！？”“无人扶我青云志，我自踏雪至山巅。”这是一个临时差役一步步走向至高的故事。,大乾武圣！,200.83万,2008300,650,650,3360600,336.06万,6.7347059870646175,0.0003236566630201,0.0,1.0,1.0,订过 精品 必读 八十 章起势 非常规 视角 武道 尝试 体系 淡淡 品悦 书香 平安 穿越 数年 便宜 老爹 临死前 运作 一名 入册 临时 差役 世道 艰难 命比纸薄 打算 这么 谨微 慎行 本本分分 一辈子 突然 发现 属于 修行 方式 自此 气血 如龙 内气 成罡 乾坤 清气 天霖 降顶 差役 差头 差司 指挥 ...... 大人 外面 风大 不要 披件 披风 大人 严令 山城 戒严 犯乱者 杀无赦 卑职 熊三让 参见 大人 大人 千岁 千岁 千岁 世家 贵女 魔门 妖女 隐世 传人 封疆 大吏 邪道 巨擘 宗门 老祖 王朝 公主 天骄 红颜 ...... 时光荏苒 再回首 登顶 大局 大局 大局 人族 第一 天骄 平安 何来 大局 无人 青云 踏雪 山巅 这是 临时 差役 一步步 走向 故事,2
峰仙,https://www.qidian.com/book/1044964632/,玄幻,2025-12-17 17:26:56,True,1945,22,1,签约,qidian_cookie_detail,连载,东方玄幻,“我霍元鸿，要做那津门第一！”天朝369年，世家腐朽，阶级固化，底层永无出头之日，而洋人的坚船利炮正蠢蠢欲动。这一年，霍元鸿仰望着高高在上的世家门阀，卑微如蝼蚁。为活得像个人样，他点燃心火，化武道登神之阶，每练一日，可涨一年功力。一月化劲、三月抱丹、六月见神不坏……以三尺微命，逆着天下大势而上，从津门第一打到天下第一，从微末小卒打成国术脊梁！若干年后，当洋人的坚船利炮逼近，一位位旧时代宗师陷入绝望，腐朽的世家门阀也开始了最后疯狂。也就在这一日，霍元鸿从津门走出，一杆大枪，一套八极加劈挂，杀到魑魅魍魉胆寒，挑起了国术最后的脊梁。天下宗师，仰头望之，恰如一粒蜉蝣见青天！,国术：一天涨一年功力！,6.88万,68800,626,626,1171400,117.14万,16.463517860165904,0.0090987049606837,0.000513874614594,1.0,0.9999999999999751,霍元 津门 第一 天朝 369 世家 腐朽 阶级 固化 底层 永无 出头之日 洋人 坚船利炮 蠢蠢欲动 一年 霍元 仰望 高高在上 世家 门阀 卑微 蝼蚁 活得 个人 点燃 心火 化武 登神 之阶 每练 一日 可涨 一年 功力 一月 化劲 三月 抱丹 六月 神不坏 三尺 微命 逆着 天下 大势 津门 第一 天下第一 微末 小卒 打成 国术 脊梁 若干年 洋人 坚船利炮 逼近 一位 旧时代 宗师 陷入 绝望 腐朽 世家 门阀 开始 最后 疯狂 一日 霍元 津门 走出 一杆 大枪 一套 八极 杀到 魑魅魍魉 胆寒 挑起 国术 最后 脊梁 天下 宗师 仰头望 恰如 一粒 蜉蝣 青天,3
竹叶糕,https://www.qidian.com/book/1043498806/,玄幻,2025-12-17 17:26:56,True,1953,25,3,签约,qidian_cookie_detail,连载,东方玄幻,拒绝伸手党，想要什么自己抢！许元庆的官是抢来的，钱是抢来的，名字是抢来的，就连夫人都是抢来的。那一年初相逢，夫人昂首怒目：“呸，贼子！”他笑道：“夫人请住手。”多年后情正浓，夫人含羞带怯：“呸，贼子。”他惊呼：“夫人请住手！”重活一世，在朝堂青云直上，在江湖只手遮天，他深刻体现出了什么叫能力越大破坏越大！为官一任，祸害一方，兴风作浪、搅乱人间！有人视他为仇寇，恨之入骨；却亦有人敬他如神明，顶礼膜拜。本书又名《你还说你不会武功！》《谁说我恶贯满盈？》《从山贼开始权倾朝野号令江湖》……………………【作者已有一本两万均和两本万均完结作品，连载期间从未断更过，人品过硬，质量过硬，可放心入坑】,夫人请住手,16.56万,165600,853,853,1582900,158.29万,12.260656663946262,0.0051509350788944,0.0015353121801432,1.0,0.9997785504845413,拒绝 伸手 想要 什么 许元庆 名字 夫人 那一 年初 相逢 夫人 昂首 怒目 贼子 夫人 住手 多年 后情 正浓 夫人 含羞 带怯 贼子 惊呼 夫人 住手 重活 一世 朝堂 青云直上 江湖 只手遮天 深刻 体现 什么 能力 越大 破坏 越大 为官一任 祸害 一方 兴风作浪 搅乱 人间 有人 仇寇 恨之入骨 有人 神明 顶礼膜拜 本书 又名 不会 武功 恶贯满盈 山贼 开始 权倾 朝野 号令 江湖 作者 已有 一本 两万 两本 万均 完结 作品 连载 期间 从未 人品 过硬 质量 过硬 放心 入坑,0
陆月十九,https://www.qidian.com/book/1038307656/,玄幻,2025-12-17 17:26:57,True,1569,26,5,签约,qidian_cookie_detail,完本,东方玄幻,消耗寿元灌注武学，可无限进行推演。沈仪凡人之躯，寿数不过百年，所幸可以通过斩杀妖魔获取对方剩余寿元。在邪祟遍地的乱世中亮出长刀，让这群活了千百年的生灵肝胆俱裂！从【鹰爪功】到【八荒裂天手】，从【伏魔拳】到【金身镇狱法相】！沈仪偶尔也会沉思，这寿命怎么越用越多了？他收刀入鞘，抬眸朝天上看去，听闻那云端之上有天穹玉府，其内坐满了千真万圣，任何一位都曾经历无尽岁月。此番踏天而来，只为向诸仙借个百万年，以证我长生不死大道。……此书又名《让你氪命练武，你氪别人的？》、《道友请留步，你的寿元与在下有缘》。,从斩妖除魔开始长生不死,96.74万,967400,541,541,2786600,278.66万,5.610384037760137,0.0005592303501857,0.0031847133757961,0.8,1.0,消耗 寿元 灌注 武学 无限 进行 推演 沈仪 凡人 之躯 寿数 不过 百年 所幸 可以 通过 斩杀 妖魔 获取 对方 剩余 寿元 邪祟 遍地 乱世 亮出 长刀 群活 千百年 生灵 肝胆俱裂 鹰爪 八荒 裂天手 伏魔拳 金身 镇狱 法相 沈仪 偶尔 沉思 寿命 怎么 越用 收刀入 抬眸朝 天上 听闻 云端 之上 天穹 玉府 其内 坐满 千真 万圣 任何 一位 经历 无尽 岁月 此番 踏天 只为 诸仙 借个 百万年 以证 长生不死 大道 此书 又名 练武 别人 道友 请留步 寿元 有缘,2
卫四月,https://www.qidian.com/book/1044482577/,玄幻,2025-12-17 17:26:56,True,4356,24,5,签约,qidian_cookie_detail,连载,东方玄幻,离谱，陈逸穿越睁眼竟在侯府刑堂——只因他身为赘婿，却在大婚之日逃婚。因而他不但不受侯府待见，还被禁足责罚。不过陈逸乐得清闲，前世他整日劳心劳力，这辈子当个闲散赘婿挺好。自此他凭借每日情报，获取机缘，精研琴棋书画、医、钓等道，在侯府里悠闲生活。【每日情报：武侯嫡孙萧无戈与世子张恒大打出手，可获少量机缘。】陈逸看着内容，陷入沉思。“这系统，有些不对劲。”……多年以后，琴棋书画、医、钓等道都已圆满的陈逸，面对四夷来犯，无奈踏入陆地神仙境，一战天下惊。萧惊鸿：“夫君，说好当闲散赘婿，你陆地神仙？”陈逸拥着她，笑说：“这都要怪你弟萧无戈……”谁能想到当初的武侯嫡孙和世子殿下只有五岁？每日情报？不，今日吃瓜！PS：吃瓜流，轻松，苟道，扮猪吃老虎PPS：又名《侯府赘婿的悠闲生活》，《哪里有瓜，哪里就有我》，《夫君，今日你敢出去钓鱼？》,说好当闲散赘婿，你陆地神仙？,4.74万,47400,712,712,1168600,116.86万,36.95910402172069,0.0150207801523174,0.0011475786091347,1.0,1.0,离谱 陈逸 穿越 睁眼 侯府 刑堂 身为 赘婿 大婚 逃婚 因而 不但 不受 侯府 待见 禁足 责罚 不过 逸乐 清闲 前世 整日 劳心 劳力 这辈子 闲散 赘婿 自此 凭借 每日 情报 获取 机缘 精研 琴棋书画 侯府 悠闲 生活 每日 情报 武侯 嫡孙 萧无戈 世子 张恒 大打出手 少量 机缘 陈逸 看着 内容 陷入 沉思 系统 有些 不对劲 多年 以后 琴棋书画 圆满 陈逸 面对 四夷 来犯 无奈 踏入 陆地 神仙 一战 天下 惊鸿 夫君 说好 闲散 赘婿 陆地 神仙 陈逸拥 萧无戈 想到 当初 武侯 嫡孙 世子 殿下 只有 五岁 每日 情报 今日 吃瓜 PS 吃瓜流 轻松 苟道 扮猪 老虎 PPS 又名 侯府 赘婿 悠闲 生活 哪里 有瓜 哪里 夫君 今日 敢出去 钓鱼,4
晨色暮鸦,https://www.qidian.com/book/1044399093/,玄幻,2025-12-17 17:26:57,True,1792,28,3,签约,qidian_cookie_detail,连载,东方玄幻,历史长河发生未知病变，沉入现世倒影，古天尊们从旧日中复苏，追逐禁忌之秘，大神通以岁月为棋盘，众生为子，布局万古。人们熟悉的古老传说、民俗鬼怪、甚至是曾经崇拜的英雄豪杰，病变扭曲，化为沉入旧日深渊的诡异。曾经英明神武的帝王，化作了盘旋在帝国之上的恶龙，用衰老而庞大的身躯渴求不死之果，龙涎化作妖魔吞噬黎民百姓。战死的豪杰在烛火照耀下，于尸山中复苏，建立尸解王庭赤水河畔，古老的变婆望月长叹。马面蚕女、星之太岁、旧日天庭、银王朝……万千病界，争渡现世彼岸。唯有历史行者，能够逆流时光，切除病变，从历史长河中析出历史技能、历史遗物，更甚者篡夺最古豪杰的伟业，铭刻自身于古老。辞职回家的姜炎，因为误入米财神仪式现场，意外听到了历史长河的恸哭，觉醒历史天赋——孕育万千子嗣的黑暗母神胚胎，将一切病变化作养料，孕育灵宠、技能、记忆、规则等等“子嗣”，受己掌控。以尸解王庭孕育尸解之凰，以太平天国孕育太平之神……姜炎望着病变的历史长河，感慨道：“如果将历史长河化为养料，或许真能够孕育一尊……”“禁忌仙神！”,历史病了,15.22万,152200,974,974,1363100,136.31万,13.050761051634986,0.0063994323296167,0.0016731734523145,1.0,1.0,历史长河 发生 未知 病变 沉入 现世 倒影 天尊 旧日 复苏 追逐 禁忌 之秘 神通 岁月 棋盘 众生 为子 布局 万古 人们 熟悉 古老 传说 民俗 鬼怪 甚至 曾经 崇拜 英雄豪杰 病变 扭曲 化为 沉入 旧日 深渊 诡异 曾经 英明 神武 帝王 化作 盘旋 帝国 之上 恶龙 衰老 庞大 身躯 渴求 不死 之果 龙涎 化作 妖魔 吞噬 黎民百姓 战死 豪杰 烛火 照耀 山中 复苏 建立 尸解 王庭 赤水河 古老 变婆 望月 长叹 马面 蚕女 太岁 旧日 天庭 王朝 万千 病界 争渡 现世 彼岸 唯有 历史 行者 能够 逆流 时光 切除 病变 历史长河 析出 历史 技能 历史 遗物 甚者 篡夺 最古 豪杰 伟业 铭刻 自身 古老 辞职 回家 姜炎 因为 误入 财神 仪式 现场 意外 听到 历史长河 恸哭 觉醒 历史 天赋 孕育 万千 子嗣 黑暗 母神 胚胎 一切 病变 化作 养料 孕育 灵宠 技能 记忆 规则 等等 子嗣 受己 掌控 尸解 王庭 孕育 尸解 之凰 太平天国 孕育 太平 之神 姜炎望 病变 历史长河 感慨 如果 历史长河 化为 养料 或许 能够 孕育 一尊 禁忌 仙神,3
白驹易逝,https://www.qidian.com/book/1026225232/,玄幻,2025-12-17 17:26:57,True,1820,27,0,签约,qidian_cookie_detail,连载,东方玄幻,重活一世，沈长青成为大秦镇魔司一员，此时恰逢妖魔乱世，诡怪猖獗——斩杀幽级诡怪，纯阳功圆满！斩杀怨级诡怪，天武罡气圆满！斩杀强大妖邪，打破自身极限！斩杀——若干年后，沈长青化身人族镇守使，诸般妖魔诡怪尽皆俯首！“有我一日，人族不灭！”——有四百万字完本老书《我真的是正派》以及二百万字完本老书《重生之独步江湖》，欢迎阅读！,人族镇守使,1498.9万,14989000,612,612,11667600,1166.76万,1.5585394259094334,4.082993923344191e-05,0.0,1.0,0.9999999999999989,重活 一世 长青 成为 秦镇 魔司 一员 此时 恰逢 妖魔 乱世 诡怪 猖獗 斩杀 幽级 诡怪 纯阳 圆满 斩杀 怨级 诡怪 天武罡 圆满 斩杀 强大 妖邪 打破 自身 极限 斩杀 若干年 长青 化身 人族 镇守使 诸般 妖魔 诡怪 俯首 一日 人族 不灭 四百万 完本 老书 真的 正派 以及 二百万 完本 老书 重生 独步 江湖 欢迎 阅读,2
努力吃鱼,https://www.qidian.com/book/1034284970/,玄幻,2025-12-17 17:26:57,True,977,29,1,签约,qidian_cookie_detail,连载,东方玄幻,修炼难，难于上青天。【极山呼吸法简化中..简化成功...极山呼吸法→呼吸!】陈斐深吸了一口气。【极山呼吸法经验值+1。】【极山呼吸法圆满！】陈斐：“……”,从修改呼吸法开始成圣,549.59万,5495900,696,696,6880599,688.06万,1.4178738307076062,0.0001266398357612,0.0010224948875255,1.0,0.9999999263540426,修炼 难于上青天 极山 呼吸 简化 .. 简化 成功 ... 极山 呼吸 呼吸 陈斐 深吸 一口气 极山 呼吸 经验值 极山 呼吸 圆满 陈斐,3
裴屠狗,https://www.qidian.com/book/1037991205/,玄幻,2025-12-17 17:26:58,True,496,30,0,签约,qidian_cookie_detail,连载,东方玄幻,“弟子黎渊，拜求苍天授箓！”…………已有完本作品《诸界第一因》、《诸天投影》《大道纪》,道爷要飞升,88.48万,884800,322,322,2886700,288.67万,1.712293299271585,0.0003639236393268,0.0,1.0,0.9811253294814397,弟子 黎渊 拜求 苍天 授箓 已有 完本 作品 诸界 第一 诸天 投影 大道,3
阴天神隐,https://www.qidian.com/book/1039028902/,玄幻,2025-12-17 17:26:58,True,1559,31,4,签约,qidian_cookie_detail,连载,东方玄幻,当年定鼎造命，金戈铁马，坐断江山，天宗上门，永镇四方，锦绣中好一片靡靡天音。今朝大劫将至。昔日盛世繁华，眼下不过残桓断壁，枯骨没荒草。宗门怀贰心，社稷何人思？权贵竞豪奢，黎民谁人问？血泪如涟声声诉，天意饶把孩儿骨。玄律穷极天地诛，烽火渐起靖乱途。踏天路，伐命途。昏昏浊世，一剑皆烬！========要素：武道乱世，赛博修仙，两界门已有一千五百万字w订完本作品《燃钢之魂》《怪物被杀就会死》《高天之上》,天命皆烬,48.64万,486400,896,896,3442200,344.22万,4.515960836567985,0.0018421014759426,0.0025641025641025,1.0,0.9999999999999276,当年 定鼎 造命 金戈铁马 坐断 江山 天宗 上门 永镇 四方 锦绣 中好 一片 天音 今朝 大劫 昔日 盛世 繁华 眼下 不过 残桓 断壁 枯骨 荒草 宗门怀 贰心 社稷 何人 权贵 豪奢 黎民 血泪 声声 天意 孩儿 玄律 穷极 天地 烽火 渐起 靖乱 踏天路 命途 昏昏 浊世 一剑 要素 武道 乱世 赛博 修仙 两界门 已有 一千五百万 完本 作品 燃钢 之魂 怪物 高天 之上,0
江上景,https://www.qidian.com/book/1039338747/,玄幻,2025-12-17 17:26:58,True,1770,32,1,签约,qidian_cookie_detail,连载,东方玄幻,金身不坏，水火不侵，万法不沾，是为肉身成圣。江宁穿越而来，时逢天下将乱。为求保全自身，他凭借能肝经验的面板开始练武，默默发育。渐渐的，他发现，随着功法破限，各种特性加身，其中某些特性更是蕴藏神灵权柄。【五禽拳】：从入门肝至圆满之境，不断破限，各种特性加身，五脏藏精，五脏蕴神。【金刚不灭身】：从入门肝至圆满之境，不断破限，各种特性加身，金身不坏，万法不沾。【内丹养生功】：从入门肝至圆满之境，不断破限，各种特性加身，永驻巅峰，长生不老。当某一日，他对这天下展露獠牙的时候。世人才知有一位超越镇压天下八百余载的新晋武圣出世。【老书《长生：从气运词条开始》240万字完本，6000均大精品人品保证，有兴趣可移步老书观看。】,从五禽拳开始肉身成圣,8.14万,81400,477,477,2857799,285.78万,6.17198067228561,0.0058598788712669,0.0005646527385657,1.0,1.0,金身 不坏 水火 不侵 万法 肉身 成圣 江宁 穿越 时逢 天下 为求 保全 自身 凭借 经验 面板 开始 练武 默默 发育 渐渐 发现 随着 功法 破限 各种 特性 加身 其中 某些 特性 更是 蕴藏 神灵 权柄 五禽 入门 肝至 圆满 之境 不断 破限 各种 特性 加身 五脏 藏精 五脏 蕴神 金刚 不灭身 入门 肝至 圆满 之境 不断 破限 各种 特性 加身 金身 不坏 万法 内丹 养生 入门 肝至 圆满 之境 不断 破限 各种 特性 加身 永驻 巅峰 长生不老 当某 一日 天下 展露 獠牙 时候 世人 知有 一位 超越 镇压 天下 八百余 新晋 武圣 出世 老书 长生 气运 词条 开始 240 万字 完本 6000 精品 人品 保证 兴趣 移步 老书 观看,4
山人有妙计,https://www.qidian.com/book/1044642569/,玄幻,2025-12-17 17:26:58,True,1740,34,6,签约,qidian_cookie_detail,连载,东方玄幻,穿越到大荒，沈灿因为身体‘孱弱‘成为炙炎部落祖庙的守祧（tiao），负责祖庙日常洒扫，香火供奉，日常祭祀。大荒洪水、地动、灾兽横行。人族祭祀天地，没有鸟用。供奉灾兽，也没有鸟用。人族先辈猎荒兽，取兽血洗练己身，开创初代武道修行之法，于大荒中取食求活。此法虽缺陷丛丛，修行过程中气血暴乱，焚经毁身，且前路有缺，却让人族在大荒中求得一息生存之地。故大荒各部建祖庙岁岁祭祀先祖，铭记先祖开拓之艰辛，就连往日狩猎归来的猎物也会进献祖庙之中，敬请先祖享用。沈灿按照庙祧之责，以‘鸾刀’刺荒兽之颈，取血献给先祖，却发现自己可以汲取荒兽寿元，推衍修行之法。至此，谁说武道只能止步于七阶之前，永居灾兽之下？……多年后，炙炎部落外灾兽无支祈携滔天洪水席卷而来，大地一片汪洋，部落族人跪伏在祖庙外。“求先祖庇护！”本书又名《我偷祖先祭品养我自己》、《先祖祭品，谁吃不是吃》,祭祀百年，我成了部落先祖,6.4万,64000,684,684,2110600,211.06万,8.205224936338771,0.0106873330104217,0.0034462952326249,1.0,1.0,穿越 大荒 沈灿 因为 身体 孱弱 成为 炙炎 部落 祖庙 tiao 负责 祖庙 日常 洒扫 香火 供奉 日常 祭祀 大荒 洪水 灾兽 横行 人族 祭祀 天地 鸟用 供奉 灾兽 鸟用 人族 先辈 猎荒 取兽 洗练 己身 开创 初代 武道 修行 大荒 取食 求活 此法 缺陷 丛丛 修行 过程 气血 暴乱 焚经 毁身 前路 有缺 人族 大荒 求得 生存 之地 大荒 各部 祖庙 祭祀 先祖 铭记 先祖 开拓 艰辛 往日 狩猎 归来 猎物 进献 祖庙 之中 敬请 先祖 享用 沈灿 按照 之责 刺荒 取血 献给 先祖 发现自己 可以 汲取 荒兽 寿元 推衍 修行 至此 武道 只能 止步 于七阶 之前 永居灾 之下 多年 炙炎 部落 外灾兽 无支 祈携 滔天 洪水 席卷而来 大地 一片汪洋 部落 族人 跪伏 祖庙 先祖 庇护 本书 又名 祖先 祭品 先祖 祭品 不是,4
J神,https://www.qidian.com/book/1021378513/,玄幻,2025-12-17 17:26:59,True,223,33,2,签约,qidian_cookie_detail,连载,东方玄幻,【不废柴，不舔狗，天骄争霸暴爽无敌流】君逍遥穿越玄幻世界，成为荒古世家神子，拥有无敌背景，惊世天赋，更得到签到系统，开局签到一具大成荒古圣体。在泰岳古碑签到，获得六星奖励，神象镇狱劲！在十岁宴上签到，获得七星奖励，至尊骨！在青铜仙殿签到，获得八星奖励，万物母气鼎！在无边界海签到，获得十星奖励，他化自在大法！无数年后，君逍遥盘坐九霄，剑指苍天道：“九天十地，我主沉浮，仙路尽头，我为巅峰！”,开局签到荒古圣体,39万,390000,305,305,9650500,965.05万,0.2308369132032503,0.0007820492767967,0.0089285714285714,1.0,0.999999999993693,不废柴 天骄 争霸 暴爽 无敌 逍遥 穿越 玄幻 世界 成为 荒古 世家 神子 拥有 无敌 背景 惊世 天赋 得到 签到 系统 开局 签到 一具 大成 荒古 圣体 泰岳古碑 签到 获得 六星 奖励 神象 镇狱 十岁 宴上 签到 获得 七星 奖励 至尊 青铜 仙殿 签到 获得 八星 奖励 万物 母气鼎 边界 签到 获得 十星 奖励 他化 大法 无数 逍遥 盘坐 九霄 苍天 九天 十地 主沉浮 仙路 尽头 巅峰,1
天蚕土豆,https://www.qidian.com/book/1027368101/,玄幻,2025-12-17 17:26:59,True,644,35,2,签约,qidian_cookie_detail,连载,东方玄幻,天地间，有万相。而我李洛，终将成为这万相之王。继《斗破苍穹》《武动乾坤》《大主宰》《元尊》之后，天蚕土豆又一部玄幻力作。,万相之王,151.6万,1516000,887,887,4790500,479.05万,1.341526924278721,0.0005850919623403,0.0031007751937984,1.0,0.999999920998565,天地间 有万相 李洛 终将 成为 这万 相之王 斗破 苍穹 武动 乾坤 主宰 元尊 之后 天蚕 土豆 一部 玄幻 力作,2
八月飞鹰,https://www.qidian.com/book/1045335204/,玄幻,2025-12-17 17:26:59,True,1833,37,6,签约,qidian_cookie_detail,连载,东方玄幻,【徐永生穿越到了一个武道世界。】徐永生：“祸福难料，安全第一，行事需要稳重些才是。”【随身神秘书册，翻开第一页是张谛听图。】“谛听为您带回公主幽会地点。”“谛听为您带回朱雀左瞳下落。”“谛听为您带回八九玄功秘籍。”“谛听……”【大乾盛极而衰，天下大乱，苍生倒悬，携众弟子周游天下“列国”，令人间重得太平。】徐二郎徐永生：“读书人讲道理，你如果听不懂道理，我也略懂一些拳脚。”众弟子：“今有至圣先师重临人世，天不生徐子，万古如长夜！”,至圣先师他太稳重了,12.51万,125100,1105,1105,1414199,141.42万,12.870392410049435,0.0088328630466583,0.0032715376226826,1.0,0.9999999947497906,永生 穿越 武道 世界 永生 祸福 难料 安全 第一 行事 需要 稳重 随身 神秘 书册 翻开 第一页 谛听 谛听 带回 公主 幽会 地点 谛听 带回 朱雀 左瞳 下落 谛听 带回 八九 玄功 秘籍 谛听 大乾 盛极而衰 天下大乱 苍生 倒悬 携众 弟子 周游 天下 列国 令人 重得 太平 二郎 永生 读书人 讲道理 如果 不懂道理 略懂 一些 拳脚 弟子 今有 至圣先师 重临 人世 天不生 徐子 万古 长夜,4
冰红茶和可乐,https://www.qidian.com/book/1039751366/,玄幻,2025-12-17 17:27:00,True,739,38,1,签约,qidian_cookie_detail,连载,东方玄幻,异界降临，灾兽肆虐，蓝星迎来生命进化的高武时代！武道崛起，天骄并起，强者为尊。前世加班猝死的牛马林奇，重生在这个波澜壮阔的世界。苦修武道十七载，于高三之际终于唤醒神秘【金色残幡】，获得第一道神级天赋模板——【二郎真君·杨戬】肝度决定高度，融合解锁天赋：【强胃】→【龙精虎猛】→【钢筋铁骨】【金瞳】→【金刚】→【金罡霸体】直至——【天眼】睁开，神威初显！当融合度圆满，尽得二郎神天赋之时，林奇才发现，这竟远非尽头。金色残幡深处，一道更为伟岸的身影悄然浮现…………无数年后，蓝星至强者在教导后辈时，皆肃然告诫：“无论你是一纪元一现的五行圣体，还是万古难出的时空圣体……”“在那位面前，皆如萤火比皓月、蜉蝣见青天！因为他，即是天尊！……ps：本书又名《高武：从肝二郎神天赋开始变强》《高武：肝出至高天赋》,高武：从武道生到宇宙天尊,6.35万,63500,248,248,3940600,394.06万,1.8706019338834607,0.0039054503078691,0.0013513513513513,1.0,1.0,异界 降临 灾兽 肆虐 蓝星 迎来 生命 进化 高武 时代 武道 崛起 天骄 强者 前世 加班 猝死 牛马 林奇 重生 这个 波澜壮阔 世界 苦修 武道 十七载 高三 之际 终于 唤醒 神秘 金色 残幡 获得 第一道 神级 天赋 模板 二郎 真君 杨戬 肝度 决定 高度 融合 解锁 天赋 强胃 龙精虎猛 钢筋铁骨 金瞳 金刚 金罡 霸体 直至 天眼 睁开 神威 初显 融合度 圆满 尽得 二郎神 天赋 奇才 发现 这竟 远非 尽头 金色 残幡 深处 一道 更为 伟岸 身影 悄然 浮现 无数 蓝星 强者 教导 后辈 肃然 告诫 无论 纪元 一现 五行 圣体 还是 万古 难出 时空 圣体 那位 面前 萤火 皓月 蜉蝣 青天 因为 天尊 ps 本书 又名 高武 二郎神 天赋 开始 变强 高武 肝出 天赋,3
景全,https://www.qidian.com/book/1046276180/,玄幻,2025-12-17 17:26:59,True,2119,36,5,签约,qidian_cookie_detail,连载,东方玄幻,杨景撞大运穿越到了兵荒马乱、民不聊生的王朝乱世，成为了被祖父偏爱的农户子，全家节衣缩食，供杨景练武，可他武道根骨普通，注定会难有成就，辜负家人期望。但杨景发现自己只需要将功法武学修炼到临界点就能破境。这意味着，对其他人万分凶险的突破对于杨景来说没有任何风险。他注定日后会走上目光触及的最高层！,乱武从拜入武馆开始,1.32万,13200,496,496,706000,70.6万,29.59497206703911,0.0375729111430952,0.0023584905660377,1.0,0.9999999999999591,杨景 撞大运 穿越 兵荒马乱 民不聊生 王朝 乱世 成为 祖父 偏爱 农户 全家 节衣缩食 杨景 练武 武道 根骨 普通 注定 会难 成就 辜负 家人 期望 杨景 发现自己 需要 功法 武学 修炼 临界点 破境 意味着 其他人 万分 凶险 突破 对于 杨景 来说 任何 风险 注定 日后 走上 目光 触及 最高层,3
荣小荣,https://www.qidian.com/book/1045071674/,玄幻,2025-12-17 17:27:00,True,1499,39,1,签约,qidian_cookie_detail,连载,东方玄幻,21世纪公务员穿越古代，成为雍国西南边陲的一个小旗官。炼狱醒来，已是叛国死囚。侥幸脱身，又成敌国卧底。长夜无间，双面为谍。从边陲炼狱到帝国权力深渊，在这场以性命为注的无间长夜，且看他如何在谎言与背叛的钢丝之上，斩出一条生路，一步一步，登临无上！开局：靖边司小小旗官。结尾：醒掌天下权，醉卧美人膝，九五之上，唯我称尊！林宣：我只想有个班上，你们为什么要逼我呢？,锦衣无双,8.3万,83000,1097,1097,764900,76.49万,19.344431539553494,0.0132167082324309,0.0006666666666666,1.0,0.9999999670120645,21 世纪 公务员 穿越 古代 成为 雍国 西南 边陲 小旗 炼狱 醒来 叛国 死囚 侥幸 脱身 敌国 卧底 长夜 无间 双面 为谍 边陲 炼狱 帝国 权力 深渊 这场 性命 为注 无间 长夜 如何 谎言 背叛 钢丝 之上 斩出 一条 生路 一步 一步 登临 开局 靖边 小小 旗官 结尾 天下 醉卧 美人 九五 之上 称尊 林宣 班上 你们 为什么,1
新丰,https://www.qidian.com/book/1045819148/,玄幻,2025-12-17 17:27:00,True,600,41,15,签约,qidian_cookie_detail,连载,东方玄幻,你跟我说这世界没武道？所谓的高手只是经常锻炼，熟能生巧的原因？不可能，绝不可能。这面板有境界显示，说明这世界能修炼，怎么可能没武道。一定是藏得太深，武道被管控的很严格。至此，林凡为了接触到武道，努力上岸，想要成为治安府一员，接触上层人物获知武道的奥秘。直到他一棍干翻当今公认的十大高手，他才幡然醒悟，原来他们没骗人，这世界真没武道啊。而他看着自身刀枪不入，水火不侵的肉身。看向被他一拳轰碎的城墙，以及一脚跺地，凹陷下去的深坑。这一刻，他面带微笑，用警告的语气对面前的人说：“请你们不要在我的世界胡作非为，谢谢你们的配合。”又名：《以凡人之躯暴打血脉天龙人》、《血脉？从小打满所有疫苗的我早就数值拉满》,我咋就天下无敌了,2.88万,28800,386,386,1044100,104.41万,5.692059576890238,0.0134023124197076,0.0249584026622296,1.0,0.9999999846015111,世界 没武道 所谓 高手 只是 经常 锻炼 熟能生巧 原因 可能 绝不 可能 面板 境界 显示 说明 世界 修炼 怎么 可能 没武道 一定 太深 武道 管控 严格 至此 林凡 为了 接触 武道 努力 上岸 想要 成为 治安 一员 接触 上层 人物 获知 武道 奥秘 直到 一棍 当今 公认 十大 高手 幡然醒悟 原来 他们 骗人 世界 武道 看着 自身 刀枪不入 水火 不侵 肉身 看向 一拳 轰碎 城墙 以及 一脚 凹陷 下去 深坑 一刻 面带微笑 警告 语气 面前 你们 不要 世界 胡作非为 谢谢你们 配合 又名 凡人 之躯 暴打 血脉 天龙 血脉 从小 打满 所有 疫苗 早就 数值 拉满,0
月中阴,https://www.qidian.com/book/1044261524/,玄幻,2025-12-17 17:27:00,True,989,40,1,签约,qidian_cookie_detail,连载,东方玄幻,季青从江湖崛起，一路从南砍到北，江湖全无敌！后来季青发现，他的刀可斩妖除魔，亦可诛神灭仙！再后来季青又发现，他的刀可断生死，亦可得长生！任你千般法术，万般神通，可挡得住我这一刀？……已完本《法师奥义》《永恒武道》《长生种》《顶级悟性：从基础拳法开始》老月出品，必属精品！,末法时代的长生武圣,4.51万,45100,195,195,2474500,247.45万,3.980680217347555,0.0043236291878228,0.001010101010101,1.0,0.9999999999999996,季青 江湖 崛起 一路 从南 江湖 无敌 后来 季青 发现 斩妖 除魔 亦可 神灭 后来 季青 发现 可断 生死 亦可 长生 千般 法术 万般 神通 挡得住 一刀 完本 法师 奥义 永恒 武道 长生 顶级 悟性 基础 拳法 开始 老月 出品 必属 精品,3
五方行尽,https://www.qidian.com/book/1035676337/,玄幻,2025-12-17 17:27:00,True,1346,42,1,签约,qidian_cookie_detail,连载,东方玄幻,【诸天流】【无敌流】【崛起于低武时代，超凡长生】洪元穿越了，随身揣着一座【太岁福地】——入主其间则福地不灭，己身不朽，与天同寿！这泼天富贵，爽到飞起？奈何开启福地，需解锁【武力】、【权力】双天下第一成就，属实亿点小缺陷。所幸，未能入主福地，洪元却被赋予了【根骨】、【悟性】无限成长的恐怖潜力。环顾四周，此世以一敌十便是高手，以一敌百便称天下顶尖？洪元看着这力量贫瘠的舞台，感受着体内永无止境变强的可能，笑了。解锁双第一，登顶福地之前，他得先在这“低武时代”好好活着……然后，踩着这方世界的极限，迈向那千秋万世的超凡长生江山！,人间太岁神！,5.57万,55700,780,780,575200,57.52万,23.000683526999318,0.014003339257823,0.0007423904974016,1.0,1.0,诸天 无敌 崛起 低武 时代 超凡 长生 洪元 穿越 随身 揣着 一座 太岁 福地 入主 其间 福地 己身 不朽 天同寿 这泼天 富贵 爽到 飞起 奈何 开启 福地 解锁 武力 权力 天下第一 成就 属实 亿点 缺陷 所幸 未能 入主 福地 洪元 赋予 根骨 悟性 无限 成长 恐怖 潜力 环顾四周 此世以 一敌 便是 高手 以一 敌百便 天下 顶尖 洪元 看着 力量 贫瘠 舞台 感受 体内 永无止境 变强 可能 解锁 第一 登顶 福地 之前 低武 时代 好好 活着 然后 这方 世界 极限 迈向 千秋万世 超凡 长生 江山,4
宅猪,https://www.qidian.com/book/1009704712/,玄幻,2025-12-17 17:27:01,True,505,43,3,签约,qidian_cookie_detail,完本,东方玄幻,大墟的祖训说，天黑，别出门。大墟残老村的老弱病残们从江边捡到了一个婴儿，取名秦牧，含辛茹苦将他养大。这一天夜幕降临，黑暗笼罩大墟，秦牧走出了家门……做个春风中荡漾的反派吧！瞎子对他说。秦牧的反派之路，正在崛起！书友群：600290060，624672265，VIP群：663057414（有验证）普通群：424940671,牧神记,1551.58万,15515800,286,286,5911799,591.18万,0.8527813929517027,1.8432822127584647e-05,0.0059288537549407,0.8,0.9999999830193759,大墟 祖训 天黑 出门 大墟 残老村 老弱病残 江边 婴儿 取名 秦牧 含辛茹苦 养大 一天 夜幕降临 黑暗 笼罩 大墟 秦牧 走出 家门 做个 春风 荡漾 反派 瞎子 秦牧 反派 正在 崛起 书友 600290060 624672265 VIP 663057414 验证 普通 424940671,0
沙拉古斯,https://www.qidian.com/book/1038229163/,玄幻,2025-12-17 17:27:01,True,855,44,6,签约,qidian_cookie_detail,完本,东方玄幻,他叫李伴峰，山峰的峰，不是发疯的疯，医生说过他没有疯。为了救朋友一条命，他去了96号站台，上了1160蒸汽列车，来到了停留在蒸汽时代的普罗州。他遇到了老唱机里的红颜知己，月份牌里的绝世佳丽，老座钟里的摇摆名姝，酒葫芦里的世外高人。这里有越吃越猛的食修，越抽越强的烟修，越杀越狠的武修，越喝越狂的酒修。这里有哪都想去的旅修，还有哪都不想去的宅修。天下百门，谁与争锋。普罗万修，谁是魁首。伴峰穿上西装，戴上礼帽，拿上鸡毛掸子，认真问了一句：告诉我，谁是普罗之主？,普罗之主,69.51万,695100,315,315,4484500,448.45万,1.902325063967071,0.0004531715534864,0.0070093457943925,0.8,0.3616089131844328,李伴 山峰 不是 发疯 医生 为了 朋友 一条 96 站台 1160 蒸汽 列车 来到 停留 蒸汽 时代 普罗 遇到 唱机 红颜 知己 月份牌 绝世 佳丽 座钟 摇摆 葫芦 世外 高人 这里 食修 抽越 烟修 越杀 武修 酒修 这里 旅修 还有 不想 天下 百门 争锋 普罗 万修 魁首 伴峰 西装 戴上 礼帽 鸡毛掸子 认真 一句 告诉 普罗 之主,4
驾舟圣手,https://www.qidian.com/book/1045345742/,玄幻,2025-12-17 17:27:01,True,1070,47,10,签约,qidian_cookie_detail,连载,东方玄幻,卫凌风只是来京城混个职位，为何高冷公主见他玉容羞红，飒爽女将喊他救命恩公，连孤傲出尘的道首都推开皇后，想先和他沟通沟通......“我不认识你们啊！”“装！继续装！你这负心汉！”“小魔头，老实交代！你江湖上到底有多少前女友？”直到某夜梦境破碎，卫凌风才惊觉——原来在她们绝望的夜晚，都曾有他踏月而来雪中送炭......而后又狠心将她们“抛弃”。,江湖都是前女友？,1.97万,19700,453,453,1590300,159.03万,6.686246328813348,0.0229937566620983,0.0093370681605975,1.0,0.9998085991323502,卫凌风 只是 京城 混个 职位 为何 高冷 公主 玉容 羞红 飒爽 女将 救命 恩公 孤傲 出尘 首都 推开 皇后 想先 沟通 沟通 ...... 认识 你们 继续 负心汉 魔头 老实 交代 江湖 到底 多少 前女友 直到 某夜 梦境 破碎 卫凌风 惊觉 原来 她们 绝望 夜晚 踏月 雪中送炭 ...... 而后 狠心 她们 抛弃,1
翔炎,https://www.qidian.com/book/1043462065/,玄幻,2025-12-17 17:27:01,True,490,46,0,签约,qidian_cookie_detail,连载,东方玄幻,李林觉得，要在这种有诡的世界里活下去，并不太难。但单纯地活着，似乎又太没有上进心了。那就定个小目标吧，先做到津城第一。结果还没有做到津城第一呢，就有友人上门来游说。“李坤歌，百姓皆苦，我与友人结社，欲助天下苦难人。”李林用力把门关上了。“月例十金！”李林又把门打开了。,晦朔光年,8.84万,88400,303,303,1431100,143.11万,3.400180417736451,0.0034275630366172,0.0,1.0,0.9657644026245914,李林 觉得 这种 世界 活下去 不太难 单纯 活着 似乎 上进心 定个 目标 做到 津城 第一 结果 做到 津城 第一 友人 上门来 游说 李坤歌 百姓 友人 结社 欲助 天下 苦难 李林 用力 把门 关上 例十金 李林 把门 打开,4
白刃斩春风,https://www.qidian.com/book/1042628462/,玄幻,2025-12-17 17:27:01,True,1379,45,3,签约,qidian_cookie_detail,连载,东方玄幻,人类刀耕火种的时候，那从天劈降的雷霆，是偶发的自然现象，亦是鬼神的怒火。老者离世以后，阳台上轧轧摇晃的躺椅，是忽忽经过的风，亦是他……曾回来过。精神病人眼里荒诞离奇的光景，是寻常人眼中颠倒畸变的虚幻，但这虚幻颠倒回来，同样也是真实。楼上的女人将丈夫砌进墙壁，磨房中的老驴嚼着尸体，画报里，美女晾晒着自己的脸皮。这世间的万物每时每刻都在发疯，名为‘念想’的魔，侵略人间，你又如何能够幸免？,有诡,25.35万,253500,1058,1058,1770600,177.06万,7.744580478490397,0.0041735535560017,0.0021739130434782,1.0,0.9999999999232667,人类 刀耕火种 时候 雷霆 偶发 自然 现象 鬼神 怒火 老者 离世 以后 阳台 轧轧 摇晃 躺椅 忽忽 经过 回来 精神病人 眼里 荒诞 离奇 光景 寻常 眼中 颠倒 畸变 虚幻 虚幻 颠倒 回来 同样 真实 楼上 女人 丈夫 墙壁 磨房 尸体 画报 美女 晾晒 脸皮 世间 万物 每时每刻 发疯 名为 念想 侵略 人间 如何 能够 幸免,2
方蛟,https://www.qidian.com/book/1044347930/,玄幻,2025-12-17 17:27:02,True,305,48,1,签约,qidian_cookie_detail,连载,东方玄幻,方阳觉醒宿慧，得知身处遮天世界时，本想求仙问道，奈何一无所获。幸好有抽卡金手指在身，只需提升命数，便可抽取到诸天万界的宝物。【凡体本源】、【偷生仙蛊】、【十二符咒】、【大切割术】、【参天造化露】、【阿难破戒刀法】……数百年后，方阳以抽取的众多【凡体本源】，成就最强凡体之名，力压一众绝世天骄，成为黄金大世的最终赢家。,人在遮天，抽卡成帝,2.12万,21200,179,179,1595500,159.55万,1.8997197134848955,0.0084429979717937,0.0032679738562091,1.0,0.9842714993300784,方阳 觉醒 宿慧 得知 身处 遮天 世界 本想 求仙 问道 奈何 一无所获 幸好 抽卡 金手指 提升 命数 抽取 诸天 万界 宝物 凡体 本源 偷生 十二 符咒 切割 参天 造化 阿难 破戒 刀法 数百年 方阳以 抽取 众多 凡体 本源 成就 最强 凡体 之名 力压 一众 绝世 天骄 成为 黄金 大世 最终 赢家,2
三行的书哟,https://www.qidian.com/book/1041753908/,玄幻,2025-12-17 17:27:02,True,855,50,1,签约,qidian_cookie_detail,连载,东方玄幻,【宗门、轻松、日常、爆笑、夺笋】掌教师伯新收了一个女徒弟。她很漂亮，让无数人为之神往。直至周清终于激活词条，看到很多人头上都闪烁着一个金色的标签。根据提示，那是别人内心对他的备注。隔壁峰首席对他的备注是【爱玩的色痞】三师兄对他的备注是【有色心有色胆的小师弟】石蓁师姐对他的备注是【梦游症加重的周师弟】当周清看向这位新来的小师妹时，她的备注却是【好英俊】【好厉害】【好霸气】时。这一刻基本可以确定。于是，周清鼓起了勇气。“我……”可她却是哈哈大笑：“爹，你年轻的时候真逗。”,掌门师伯新收了个女徒弟,373.88万,3738800,253,253,2897200,289.72万,2.940974133186571,6.766875262951946e-05,0.0011682242990654,1.0,0.9999999995324418,宗门 轻松 日常 爆笑 夺笋 教师 伯新收 徒弟 很漂亮 无数 人为 神往 直至 周清 终于 激活 词条 看到 很多 头上 闪烁着 金色 标签 根据 提示 别人 内心 备注 隔壁 首席 备注 爱玩 色痞 师兄 备注 有色 心有 色胆 小师弟 石蓁 师姐 备注 梦游症 加重 师弟 当周 这位 新来 师妹 备注 却是 英俊 厉害 霸气 一刻 基本 可以 确定 于是 周清 鼓起 勇气 却是 哈哈大笑 年轻 时候 真逗,2
姬叉,https://www.qidian.com/book/1036010291/,玄幻,2025-12-17 17:27:03,True,450,49,1,签约,qidian_cookie_detail,完本,东方玄幻,仗剑江湖载酒行，楚腰纤细掌中轻。少年肩扛长刀，腰间挂酒，大步前行，心中的江湖却隐约难见。乱世书中翻一页，江湖夜雨数十年。蓦然回首，已劈碎了人间。,乱世书,147.66万,1476600,209,209,3003700,300.37万,1.4931811394631185,0.000141541282987,0.0022172949002217,0.8,0.9999987602032071,江湖 载酒行 楚腰纤细 掌中 少年 长刀 腰间 大步 前行 心中 江湖 隐约 难见 乱世 书中 一页 江湖 夜雨 数十年 蓦然回首 人间,3
南北宗源,https://www.qidian.com/book/1040682764/,玄幻,2025-12-17 17:27:02,True,813,51,1,签约,qidian_cookie_detail,连载,东方玄幻,本故事纯属虚构，如有雷同，纯属巧合！真武山，道门十大名山，5A级旅游景区，门票280……祖师爷曾预言：真武传道七十三，因凡应劫后人参。“绝不绝，灭不灭，七十三代有一歇……”“真武山传到今日，已有七十三代，难道天命当绝？”“因凡应劫，旅游观光的凡俗太多了，涨价吧！”这一日，真武山玉牒传度……这一日，大学毕业的张凡观光旅游…………炼尽神中阴滓，成就无极纯阳！我叫张凡，凡人的凡！！,纯阳！,6.52万,65199,309,309,2255000,225.5万,3.589403973509934,0.0047392638036809,0.0012285012285012,1.0,0.9999999936382997,故事 纯属虚构 如有雷同 纯属巧合 武山 十大 名山 5A 旅游 景区 门票 280 祖师爷 预言 真武 传道 七十三 凡应 劫后 人参 绝不 灭不灭 七十 三代 一歇 武山 传到 今日 已有 七十 三代 难道 天命 当绝 凡应 旅游观光 凡俗 太多 涨价 一日 武山 玉牒 传度 一日 大学毕业 张凡 观光旅游 炼尽神 阴滓 成就 无极 纯阳 张凡 凡人,4
酒月剑仙,https://www.qidian.com/book/1040223815/,玄幻,2025-12-17 17:27:02,True,782,52,2,签约,qidian_cookie_detail,连载,东方玄幻,（微恐怖，无限流，民俗，中式克苏鲁）周游本来觉得自己的一生应当相当平凡。平凡的出生，平凡的成长，平凡的学习........然后无比平凡的身患绝症死去。直到他遇到了一本同样平平无奇的黑书。至此，‘平凡’步入了‘非凡’。无法逃脱的四号楼，诡异横行的旧街区，唱着升仙戏的肉太岁，无可名状的复生之物......每一个剧本都是一场最为深沉的梦魇，但每一场梦魇却又是一次生存的契机......烛火燃起，照亮了方寸庙宇，诡异降临，将故事的序幕再次拉开。——那么，欢迎来到诡诞游戏！,欢迎来到诡诞游戏,4.29万,42900,235,235,2274400,227.44万,3.423218350551567,0.0054777277918929,0.0025542784163473,1.0,1.0,恐怖 无限 民俗 中式 苏鲁 周游 本来 觉得 一生 应当 相当 平凡 平凡 出生 平凡 成长 平凡 学习 ........ 然后 无比 平凡 身患绝症 死去 直到 遇到 一本 同样 平平 无奇 黑书 至此 平凡 步入 非凡 无法 逃脱 四号楼 诡异 横行 街区 升仙 太岁 无可名状 复生 之物 ...... 剧本 一场 最为 深沉 梦魇 一场 梦魇 一次 生存 契机 ...... 烛火 燃起 照亮 方寸 庙宇 诡异 降临 故事 序幕 再次 拉开 那么 欢迎 来到 诡诞 游戏,1
我爱吃鸡枞,https://www.qidian.com/book/1046199155/,玄幻,2025-12-17 17:27:03,True,754,53,3,签约,qidian_cookie_detail,连载,东方玄幻,陈立穿越到小地主身上，觉醒家族武道系统。子嗣武道精进，反哺家族，系统奖励寿元、秘药、丹方等等。陈立从种地开始，步步为营，积攒银两，开枝散叶、培养子嗣。苟出一线生机，搏出一片天地。时光轮转，万年后，再回首，陈立发现，自己的家族已然成为亘古不变、与世长存的武道天家。,苟出一个武道天家,8925,8925,235,235,736400,73.64万,10.10182207931404,0.0263275823437149,0.0039735099337748,1.0,0.9999999999986389,陈立 穿越 小地主 身上 觉醒 家族 武道 系统 子嗣 武道 精进 反哺 家族 系统 奖励 寿元 秘药 丹方 等等 陈立 种地 开始 步步为营 积攒 银两 开枝 散叶 培养 子嗣 苟出 一线生机 搏出 一片 天地 时光 轮转 万年 再回首 陈立 发现 家族 已然 成为 亘古 不变 长存 武道 天家,3
爱潜水的乌贼,https://www.qidian.com/book/3249362/,玄幻,2025-12-17 17:27:03,True,803,56,2,签约,qidian_cookie_detail,完本,东方玄幻,我这一生，不问前尘，不求来世，只轰轰烈烈，快意恩仇，败尽各族英杰，傲笑六道神魔！万年之后，大劫再启，如来金身，元始道体，孰强孰弱，如来神掌，截天七式，谁领风骚？轮回之中，孟奇自少林寺开始了自己“纵横一生，谁能相抗”的历程。,一世之尊,327.28万,3272799,579,579,4447900,444.79万,1.8012965746203369,0.0001769127352725,0.0024875621890547,0.8,0.9999998174696716,一生 不问 前尘 来世 轰轰烈烈 快意 恩仇 败尽 各族 英杰 傲笑 六道 神魔 万年 之后 大劫 如来 元始 道体 孰强 孰弱 如来 神掌 截天七式 领风骚 轮回 之中 孟奇 少林寺 开始 纵横 一生 相抗 历程,2
舟中落雨声,https://www.qidian.com/book/1040236094/,玄幻,2025-12-17 17:27:03,True,896,55,0,签约,qidian_cookie_detail,连载,东方玄幻,俞客睁开眼，看到了一个无与伦比、光怪陆离的修行大世。七大部洲，五域海外，立下恢宏无上的道统，仙佛之辈屹立此世之巅俞客只是神霄宗外门弟子，最大的愿望，不过是筑基成功直到他幸得‘鲲虚鼎’，能推演过往岁月，模拟万千身份！【每一次转生，都是一次崭新的开始，你想抉择怎样的人生？】第一世，你资质低下，是三真教师叔祖，大器晚成，终在人间武学再拔高一层，武碎虚空。号称“人间陆沉三百年，方得此君”再一世，你是高门赘婿，少年早慧却受尽欺凌，小院翻书十年，一步陆地神仙境。儒家大儒赞曰“笔落惊风雨，诗成泣鬼神”再一世，你是玄宗道子，再一世，你是大周藏书史…你是登天十杰…你是金鳌岛大师兄上古、中古、太古、洪荒，鸿蒙…一个个震古烁今、煌煌无敌的身份蓦然回首，你才惊觉！你的遗物，在天帝大墓之中被挖出来?你的画像，被挂在当世修仙大宗的祖师堂，日夜受着香火有人开辟轮回，只为等你归来有人建立阎浮净土，只为守护你的遗蜕有人在天书石碑上刻下：“我曾放下过天地，却未曾放下过你”什么情况，说好体验人生我曾高高在上，俯视这万古岁月?,模拟成真，我曾俯视万古岁月？,497.53万,4975300,163,163,2406700,240.67万,3.707535068481814,3.276183692202743e-05,0.0,1.0,1.0,俞客 睁开眼 看到 无与伦比 光怪陆离 修行 大世 大部 五域 海外 立下 恢宏 无上 道统 仙佛 之辈 屹立 此世之巅 俞客 只是 神霄宗 外门 弟子 最大 愿望 不过 筑基 成功 直到 幸得 鲲虚鼎 推演 过往 岁月 模拟 万千 身份 一次 转生 一次 崭新 开始 抉择 怎样 人生 第一 资质 低下 三真 教师 叔祖 大器晚成 终在 人间 武学 拔高 一层 武碎 虚空 号称 人间 陆沉 三百年 方得 此君 一世 高门 赘婿 少年 早慧 受尽 欺凌 小院 翻书 十年 一步 陆地 神仙 儒家 大儒 笔落 风雨 诗成 泣鬼神 一世 玄宗道子 一世 大周 藏书 登天 十杰 金鳌岛 师兄 上古 中古 太古 洪荒 鸿蒙 一个个 震古烁今 煌煌 无敌 身份 蓦然回首 惊觉 遗物 天帝 大墓 之中 挖出来 画像 当世 修仙 大宗 祖师 日夜 香火 有人 开辟 轮回 只为 归来 有人 建立 阎浮 净土 守护 遗蜕 有人 天书 石碑 刻下 放下 天地 未曾 放下 什么 情况 说好 体验 人生 高高在上 俯视 万古 岁月,0
辰东,https://www.qidian.com/book/1004608738/,玄幻,2025-12-17 17:27:04,True,297,57,1,签约,qidian_cookie_detail,完本,东方玄幻,在破败中崛起，在寂灭中复苏。沧海成尘，雷电枯竭，那一缕幽雾又一次临近大地，世间的枷锁被打开了，一个全新的世界就此揭开神秘的一角……,圣墟,3200.47万,32004699,186,186,6132300,613.23万,0.4835322273415495,5.81164641443288e-06,0.0033557046979865,0.8,0.9999999979534273,破败 崛起 寂灭 复苏 沧海 成尘 雷电 枯竭 一缕 幽雾 一次 临近 大地 世间 枷锁 打开 全新 世界 就此 揭开 神秘 一角,2
清渊渊,https://www.qidian.com/book/1040989155/,玄幻,2025-12-17 17:27:04,True,915,54,4,签约,qidian_cookie_detail,连载,东方玄幻,穿越斗气大陆，魂若若十分倒霉的成了魂天帝的女儿——一边是要献祭全族的反派老爹，一边是敌对的天命主角，唯一的活路似乎也只能在主角崛起之前做点什么...硬刚萧炎？笑话，魂若若从一开始就没打算和他硬碰硬。身为妖女，自然有着兵不血刃的办法，小女子我身上都是软的，你又能奈我何？,斗破之魂族妖女,11.75万,117500,389,389,2624200,262.42万,3.4735403538076075,0.003310610122467,0.0043668122270742,1.0,0.9961132106141496,穿越 斗气 大陆 十分 倒霉 天帝 女儿 一边 献祭 全族 反派 老爹 一边 敌对 天命 主角 唯一 活路 似乎 只能 主角 崛起 之前 做点 什么 ... 硬刚 萧炎 笑话 开始 打算 硬碰硬 身为 妖女 自然 有着 兵不血刃 办法 小女子 身上 能奈 我何,0
荆山出玉,https://www.qidian.com/book/1045400385/,玄幻,2025-12-17 17:27:04,True,498,58,35,签约,qidian_cookie_detail,连载,东方玄幻,五浊恶世，绛火焚魔！穿越到一九九五年的齐云，在一次山村的婚宴上。一则关于“神仙山”传说，将他拖入浓雾弥漫的深山。进入非想非非想之境——五脏观！从此，齐云的人生撕裂成两半：于现世红尘。他身负绛狩火，掌洞幽烛微之能，尊号“绛魔天师”。乡野精怪作祟？真火焚形，都市阴煞盘踞？绛焰涤荡。斩龙镇运，复归地水火风，涤荡人间妖氛！于诸天万界。游方证道，仗火独行，踏罡步斗。斩山魈木魅，焚古妖大魔，狩百鬼坠仙！云游万方，证道降魔真君！绛狩起处，万邪辟易！符火通幽，步涉诸天！,道起五脏观：我在九十年代当天师,2万,20000,469,469,1064000,106.4万,4.636871508379888,0.023448827558622,0.0701402805611222,1.0,0.9999999999999976,五浊 恶世 火焚 穿越 一九九五年 齐云 一次 山村 婚宴 一则 关于 神仙 传说 拖入 浓雾 弥漫 深山 进入 非想 非非 之境 五脏 从此 齐云 人生 撕裂 两半 现世 红尘 身负 狩火 洞幽烛微 之能 尊号 天师 乡野 精怪 作祟 火焚 都市 阴煞 盘踞 绛焰 涤荡 龙镇 复归 水火 涤荡 人间 妖氛 诸天 万界 方证 独行 踏罡 步斗 山魈 木魅 焚古 妖大魔 狩百鬼 云游 万方 降魔 真君 狩起 邪辟 符火 通幽 步涉 诸天,1
十万菜团,https://www.qidian.com/book/1046604493/,玄幻,2025-12-17 17:27:04,True,946,60,1,签约,qidian_cookie_detail,连载,东方玄幻,【权谋+剧情流+多红颜+情报金手指+幕后黑手】景平元月，人间出了件大事。大周将领赵氏黄袍加身，政变夺权，登基称帝，改国号为“颂”，誓要开辟新气象。唯有一件苦恼，前朝小皇帝始终下落不明。李明夷穿越而来，成为藏在民间，被天下海捕的前朝天子。更发现这个世界有点熟悉，酷似通关过的古风游戏。于是他怀揣无数情报，昂首挺胸，走向大颂朝堂。“朕来到这个世界，可不是为了当逃犯的。”……新朝公主昭庆近来喜忧参半。她招揽的名叫李明夷的门客太过能干，只需与人密谈，便可将文臣、武将、勋贵、大修士、女国师……悉数拉拢而来。还时常举荐能臣上位，打击前朝余孽不遗余力。但为何总觉得这群人唯他马首是瞻，前朝余孽也越打越多？父皇心病愈演愈烈？她决定找他谈谈。,你也不想秘密满朝皆知吧,1.18万,11800,462,462,460900,46.09万,20.089190911021447,0.0391492246419794,0.0010559662090813,1.0,0.999999999999849,权谋 剧情 红颜 情报 金手指 幕后 黑手 景平 元月 人间 大事 大周 将领 赵氏 黄袍加身 政变 夺权 登基 称帝 国号 誓要 开辟 新气象 唯有 一件 苦恼 前朝 皇帝 始终 下落不明 李明 穿越 成为 民间 天下 海捕 前朝 天子 发现 这个 世界 有点 熟悉 酷似 通关 古风 游戏 于是 怀揣 无数 情报 昂首挺胸 走向 大颂 朝堂 来到 这个 世界 可不是 为了 逃犯 新朝 公主 昭庆 近来 喜忧参半 招揽 名叫 李明 门客 太过 能干 密谈 文臣 武将 勋贵 修士 国师 悉数 拉拢 时常 举荐 上位 打击 前朝 余孽 不遗余力 为何 觉得 这群人 唯他 马首是瞻 前朝 余孽 父皇 心病 愈演愈烈 决定 谈谈,3
辰东,https://www.qidian.com/book/2952453/,玄幻,2025-12-17 17:27:05,True,400,59,5,签约,qidian_cookie_detail,完本,东方玄幻,完美世界动画，每周五10:00腾讯视频火热播出，VIP抢先看两集；荒天帝、柳神等将以立体的形式和你相见，等你一起来看。一粒尘可填海，一根草斩尽日月星辰，弹指间天翻地覆。群雄并起，万族林立，诸圣争霸，乱天动地。问苍茫大地，谁主沉浮？！一个少年从大荒中走出，一切从这里开始……,完美世界,720.28万,7202800,388,388,6584500,658.45万,0.6065660777920995,5.386793276671117e-05,0.0124688279301745,0.8,0.9999999908381344,完美 世界 动画 每周五 10 00 腾讯 视频 火热 播出 VIP 抢先 两集 天帝 柳神 立体 形式 相见 一起 来看 一粒 填海 一根 斩尽 日月星辰 弹指 天翻地覆 群雄 万族 林立 诸圣 争霸 天动 苍茫大地 主沉浮 少年 大荒 走出 一切 这里 开始,3
