author_name,book_url,category_name,crawl_time,is_vip,monthly_ticket_count,rank,reward_count,sign_status,source_site,status,sub_category_name,synopsis,title,total_recommend_str,total_recommendation_count,week_recommend,week_recommendation_count,word_count,word_count_str,ticket_per_10k,heat_ratio,loyalty_score,status_score
鹤守月满池,https://www.qidian.com/book/1043182343/,玄幻,2025-12-17 17:26:51,True,87493,1,112,签约,qidian_cookie_detail,连载,东方玄幻,吕阳穿越修仙界，却成了魔门初圣宗的弟子。幸得异宝【百世书】，死后可以重开一世，让一切从头再来，还能带回前世的宝物，修为，寿命，甚至觉醒特殊的天赋。奈何次数有限，并非真的不死不灭。眼见修仙界乱世将至，吕阳原本决定先在魔门苟住，一世世苦修，不成仙不出山，奈何魔门凶险异常，遍地都是人材。第一世，吕阳惨遭师姐暗算。第二世，好不容易反杀师姐，又遭师兄毒手。第三世，第四世……直到百世之后，再回首，吕阳才发现自己已经成为了一代魔道巨擘，初圣宗里最畜生的那一个。“魔门个个都是人材，说话又好听。”“我超喜欢这里的！”,苟在初圣魔门当人材,149.33万,1493300,13154,13154,2970800,297.08万,293.52187332259797,0.008808672866354473,0.0012800877774475964,1.0
辰东,https://www.qidian.com/book/1040765595/,玄幻,2025-12-17 17:26:51,True,52102,2,79,签约,qidian_cookie_detail,连载,东方玄幻,那一天太阳落下再也没有升起…………………,夜无疆,817.67万,8176700,34647,34647,2597300,259.73万,199.8312430483642,0.004237283471659291,0.0015162274725063817,1.0
关关公子,https://www.qidian.com/book/1039457453/,玄幻,2025-12-17 17:26:51,True,15436,3,38,签约,qidian_cookie_detail,连载,东方玄幻,“事情是这样的，我当初身陷绝境，意外遇见了一条龙，它非说我是习武奇才，要给我指条通仙大道……”“这就是你挖开魔神陵，给妖魔当奴仆的理由？！”“我谢尽欢从不屈居人下，它才是奴仆，准确来说，我是被一条龙服务过……”……已有完本万订《世子很凶》《仙子很凶》《女侠且慢》，感兴趣的朋友可以先看老书~,鸣龙,159.86万,1598600,8520,8520,1824800,182.48万,84.1290603880532,0.005329660121568797,0.002461618190062836,1.0
在水中的纸老虎,https://www.qidian.com/book/1045003390/,玄幻,2025-12-17 17:26:51,True,17418,4,6,签约,qidian_cookie_detail,连载,东方玄幻,命格在手，苟道求生！陈庆穿越了，却穿进一个武道为尊、人命贱如草的乱世。开局便是哑子湾的贫苦渔家子，父亲被抓徭役杳无音信，孤儿寡母被官府税赋与帮派“龙王香火”层层盘剥，挣扎在饿死的边缘。天无绝人之路，他脑海中悬着一道【命格：天道酬勤，必有所成】！这意味着任何技艺，对他而言没有资质门槛，没有瓶颈阻隔，只要付出，必有回报！,苟在武道世界成圣,21.58万,215799,2861,2861,1896100,189.61万,91.3803053355018,0.013257645968489343,0.0003444514610482806,1.0
甲壳蚁,https://www.qidian.com/book/1037570737/,玄幻,2025-12-17 17:26:51,True,14590,5,14,签约,qidian_cookie_detail,连载,东方玄幻,【已有完结七千均大精品，品质保障，放心阅读。】选择大于努力！武师们为陆地宝树打的头破血流，深水神草却无人问津。穿越成渔民的梁渠获得水泽之鼎，炼化【水猴子】天赋，统御水兽，一路收割，踏上巅峰！【水猴子】→【泽狨】→【水王猿】→【淮涡水君】！从此万里泽涛由我做主！…………洪水滔滔。人们跪拜祈福，献上祭品。“求水神大人保佑......”靠，能不能别向我祭祀少女了，我真不是水神啊！,从水猴子开始成神,155.45万,1554500,4358,4358,3632600,363.26万,40.05380771976061,0.0028034719823274478,0.0009594955794667946,1.0
苍天霸主,https://www.qidian.com/book/1038440253/,玄幻,2025-12-17 17:26:52,True,1985,6,11,签约,qidian_cookie_detail,连载,东方玄幻,（又名《玄灵天帝》方辰）”江凡，我后悔了！“当许怡宁发现，自己宁死不嫁的窝囊未婚夫，娶了姐姐，将她培养成一代女帝时，她后悔了。如果时间可以重来，她一定不会任性的让姐姐替嫁！,太虚至尊,27.82万,278200,1415,1415,4673000,467.3万,4.238735853085629,0.005086250588603204,0.0055387713997985906,1.0
会说话的肘子,https://www.qidian.com/book/1033014772/,玄幻,2025-12-17 17:26:52,True,14523,7,27,签约,qidian_cookie_detail,连载,东方玄幻,少时光阴长，泼酒翻红巷。权为砖墙利为瓦，宾朋倚满帐。醒来恨日短，大梦二十转。忽觉同行常八九，真心无二三。噫吁兮，听雪孤舟上，坐看天地远。,青山,218.87万,2188700,4501,4501,1749800,174.98万,82.52642345721105,0.002056470938698342,0.0018589920132194987,1.0
烟雨江南,https://www.qidian.com/book/1038996214/,玄幻,2025-12-17 17:26:52,True,14444,8,19,签约,qidian_cookie_detail,连载,东方玄幻,卫渊本无大志，但在时代洪流中不得不走上征战四方、开疆辟土之路，直至关山踏尽，未曾白头。不正经的简介一：仙人也怕工业化！这是一个发生在玄幻世界的工业革命的故事。,龙藏,173.18万,1731800,5421,5421,3287200,328.72万,43.806866432124224,0.0031302672766674693,0.0013153340256143995,1.0
误道者,https://www.qidian.com/book/1037676014/,玄幻,2025-12-17 17:26:52,True,7239,9,9,签约,qidian_cookie_detail,连载,东方玄幻,如果人类的生命可以一直强大下去，无限拔高，那终有一日能与天相接！…………《天人图谱》书友群，群号：（535311175）,天人图谱,323.34万,3233399,5943,5943,5225500,522.55万,13.826759621812627,0.0018380033401373167,0.0012430939226519336,1.0
宅猪,https://www.qidian.com/book/1039994731/,玄幻,2025-12-17 17:26:52,True,4378,10,5,签约,qidian_cookie_detail,连载,东方玄幻,我的爷爷很古怪，他每天给自己上香，站在自己的灵位前吃蜡烛。村里的人都很怕爷爷。我也很怕爷爷。后来我才发现，他们害怕的不是爷爷，而是我。爷爷也很怕我。……我叫陈实。诚实的陈，老实的实。来阅文旗下网站阅读我的更多作品吧！,大道之上,308.41万,3084100,3417,3417,3237000,323.7万,13.483215275639052,0.0011079403690086673,0.0011418131993605847,1.0
神威校尉,https://www.qidian.com/book/1039640376/,玄幻,2025-12-17 17:26:53,True,2998,11,0,签约,qidian_cookie_detail,连载,东方玄幻,【全新设定】【体系完善】一觉醒来，你成为了玄幻游戏中的【司农】官。【王朝鼎盛】版本：你苦修《节气令》，从【风调雨顺】到【呼风唤雨】、从【五谷丰登】到【万物生长】、号令四季，默默发育。你小有成就，随军出征、掌《四农书》，冰封千里大河，为大军开道，《瘴气》杀敌，《雾影》阻万军，立不世战功，位居大司农，窃王朝命数，尽归吾身。【灵气复苏】版本：你养育【山精野怪】：双生并蒂莲使你水火不侵，七星剑竹一剑光寒十九州、寄生种以生灵为养分、虚空种扎根空间吸收天地灵气……你开辟内景地，育仙种，【太乙神莲】分身千万！【生命古树】不死不灭！“一粒真种落丹田，可育灵苗活万年，有朝一日功行满，我命由我不由天！”“心火日照，肾水为源，脾为土蔵、肺金练气、肝气养神。以身为基，育原生种、养万法，成就神农道君！”,神农道君,120.69万,1206900,1082,1082,4798800,479.88万,6.234403593412078,0.0008965109814309542,0.0,1.0
狐尾的笔,https://www.qidian.com/book/1045191725/,玄幻,2025-12-17 17:26:53,True,4518,12,6,签约,qidian_cookie_detail,连载,东方玄幻,伴随着时间的冲刷，张文达总感觉有些记忆里的东西变得抽象了起来，他不知道真是这样，还是记忆的曲解。然而当他忽然再次面对那些东西的时候，他发现这个世界变得不对劲起来。,旧域怪诞,28.63万,286300,2538,2538,703199,70.32万,63.3483782226279,0.008864796141124202,0.0013277273733126797,1.0
阎ZK,https://www.qidian.com/book/1044839471/,玄幻,2025-12-17 17:26:53,True,3126,13,7,签约,qidian_cookie_detail,连载,东方玄幻,妖魔，神仙，志怪，江湖。酒馆当中，胡人酒女笑着避开旁人手掌，裙下尾巴晃动；夜市之内，兜帽下面也不知几个是人，几个是鬼；山川上头走猛虎，洞庭湖里老龙眠。一把剑，一个人，一卷书。路在前方，道在心里，而剑在手上。斩妖除魔，仙神退避。真君驾到，百无禁忌。,真君驾到,17.54万,175400,995,995,1700000,170万,18.280701754385966,0.005672715662966574,0.002238567316917173,1.0
鹦鹉咬舌,https://www.qidian.com/book/1032634963/,玄幻,2025-12-17 17:26:53,True,4159,14,9,签约,qidian_cookie_detail,连载,东方玄幻,散落大地的神秘奇诡之剑，等待着它们名动天下的剑主。谁人又能勘悟流传万古的奇术绝经？长安百坊间暗藏举火吞日之人，中原坐落着庞大腐朽的千年世家，北境沉默悍战的荒人磨刀霍霍，南方列国之间歌舞升平尔虞我诈……而在高远青冥之上，一双笼罩世间的苍目正在缓缓睁开。裴液抬着头拔出腹中的长剑：“太一真龙仙君……就让我们看看，到底谁是谁的食物吧。”,食仙主,44.86万,448600,1367,1367,3080100,308.01万,13.45911135561956,0.0030472513436216146,0.0021634615384615386,1.0
林守镜,https://www.qidian.com/book/1046432773/,玄幻,2025-12-17 17:26:54,True,10468,15,5,签约,qidian_cookie_detail,连载,东方玄幻,大新民国三年，时局崩裂。南方政府初立，北方军阀割据混战。西洋铁舰叩关，前朝幽魂不散。这是一个火枪与筋骨争锋、乱党与邪祟共舞的时代——革命暗潮之下，民间邪教滋生，兵武、妖魔、异兽、殖装铁躯…滂沱雨夜，盛海租界。傅觉民立于倾颓的巨厦废墟中，缓缓将双手从面前五米高、白头赤足的猿形巨怪胸膛中一点点抽出。血水混着雨水自他指尖滴落。“山海遗种，苍生余孽。”“吞了这只蕴含一丝朱厌血脉的异兽魂种，我【神话五禽戏】的最后一禽，也该补齐了吧…”,浊世武尊,3.79万,37900,1601,1601,340700,34.07万,298.4887368120901,0.04224162950845624,0.0004776005349125991,1.0
乘风御剑,https://www.qidian.com/book/1046673309/,玄幻,2025-12-17 17:26:54,True,3329,16,2,签约,qidian_cookie_detail,连载,东方玄幻,每当我受到迫害、压榨时，我都会感到发自内心的高兴、喜悦，因为，还有人敢迫害我、压榨我，只能证明一个问题，我不够强！还有人，比我更强！我，还不是真正的无敌！我的前方，还有路！这……是何等的令人喜悦口牙。,天下无敌！,6.16万,61600,1860,1860,567400,56.74万,57.65500519570488,0.030194315027353452,0.0006006006006006006,1.0
平层,https://www.qidian.com/book/1046310214/,玄幻,2025-12-17 17:26:54,True,8012,17,35,签约,qidian_cookie_detail,连载,东方玄幻,大禹仙朝，千年传承。明君在位，悍臣满朝。盛世之下，暗流涌动。神魔窥伺，妖孽潜行。连山信觉醒天赋神通“天眼查”，可看穿旁人最不可告人之秘密。于是，大禹第一神探横空出世。“前面忘了，后面忘了，中间也忘了，反正你就是凶手。”“太子，你也不想你的秘密被太子妃知道吧？”“陛下何故造反？”,仙朝鹰犬,3.81万,38100,1187,1187,614100,61.41万,128.37686268226247,0.031154037951759795,0.004367902158991638,1.0
古羲,https://www.qidian.com/book/1038367936/,玄幻,2025-12-17 17:26:54,True,661,18,1,签约,qidian_cookie_detail,连载,东方玄幻,乱世求生，盛世求名。饱经风霜的大禹朝仍处于盛世年间。西北有少年徒步九千里，孤身斩大妖，争一世功名。龙湖，有不世宗师赶赴人间，开宗立派，百世留名。帝都有圣人传道万千，教徒遍布各州，流芳千古。而在青州城内，一座将门世家院落中。有个孩童却整日不务正业，只知下棋作画，垂钓弹琴。多年后——……剑起龙烟三千里，一剑斩尽九洲城！世间万法，唯我，入道也。……继《超神宠兽店》《黑暗王者》《永夜神行》《重启末世》……最新力作，欢迎品尝。【轻松幽默】【武道面板】【艺术大师】【腹黑】,万世之名,1017.94万,10179400,323,323,3496100,349.61万,1.8852856450186817,3.1730747221766784e-05,0.0015105740181268882,1.0
猪三不,https://www.qidian.com/book/1040259451/,玄幻,2025-12-17 17:26:54,True,2797,19,8,签约,qidian_cookie_detail,连载,东方玄幻,许进只是在九盏星灯前拜了几拜，就来到这方能够接引星光入已身的世界，然后，他又在九盏星灯前拜了拜.....******《基因大时代》《造化之王》《掌御星辰》这三本小说，最高订7万+，最低高订3万+，最低均订7600+，本本400万字往上，人品保证，请放心入坑。,星武纪元,4442.64万,44426400,1364,1364,4659100,465.91万,5.990447837913088,3.070246450978552e-05,0.0028591851322373124,1.0
沙拉古斯,https://www.qidian.com/book/1046738077/,玄幻,2025-12-17 17:26:55,True,16728,20,14,签约,qidian_cookie_detail,连载,东方玄幻,拿个碗，填好土，数个一二三四五。种个蛤蟆变火车，种颗毛豆变老虎。种出一身好手艺，一生享福不受苦。万生有行三百六，条条大路谁做主？那位木匠好本事，墨线弹指分阴阳，榫卯环扣镇八荒。这位铁匠有手段，铁火一炉鸣乾坤，锻锤千击裂晨昏。又有裁缝野心大，寸缕回风裁世象，绣针一点连四方。还有厨子心肠狠，铁灶燃狱煮红尘，刃起风雷骨作薪。万生州，千人千面，万生万变。张来福站在人海当中，得意洋洋笑道：“来，跟着咱享福去！”,万生痴魔,7.85万,78500,2637,2637,371700,37.17万,438.2499345035368,0.03359192876523866,0.000836870105804292,1.0
狐尾的笔,https://www.qidian.com/book/1031794030/,玄幻,2025-12-17 17:26:56,True,1454,23,30,签约,qidian_cookie_detail,连载,东方玄幻,诡异的天道，异常的仙佛，是真？是假？陷入迷惘的李火旺无法分辨。可让他无法分辨的不仅仅只是这些。还有他自己，他病了，病的很重。,道诡异仙,167.05万,1670500,1036,1036,2208900,220.89万,6.552796430663843,0.0006201732294682853,0.020618556701030927,1.0
湖上明月亮,https://www.qidian.com/book/1039084315/,玄幻,2025-12-17 17:26:55,True,2270,21,0,签约,qidian_cookie_detail,连载,东方玄幻,【均订过万精品必读】【八十章起势】【非常规视角】【武道新尝试】【体系流】【淡淡品悦，书香自在】陈平安穿越数年，在便宜老爹临死前的运作下，成了一名不入册的临时差役。世道艰难，命比纸薄。本打算就这么谨微慎行本本分分过一辈子的他，却突然发现了专属于他的修行方式。自此，气血如龙，内气成罡，乾坤清气，天霖降顶！差役，差头，差司，指挥使......“大人，外面风大，您看要不要披件披风。”“都使大人严令，山城戒严，敢有犯乱者，杀无赦。”“卑职熊三让，参见大人，大人千岁，千岁千千岁！”世家贵女，魔门妖女，隐世传人，封疆大吏，邪道巨擘，宗门老祖，王朝公主，天骄红颜......时光荏苒，再回首时，他已登顶至高。“大局大局，吾既大局！吾乃人族第一天骄，陈平安！”“没有我，何来的大局！？”“无人扶我青云志，我自踏雪至山巅。”这是一个临时差役一步步走向至高的故事。,大乾武圣！,200.83万,2008300,650,650,3360600,336.06万,6.7347059870646175,0.0003236566630201349,0.0,1.0
峰仙,https://www.qidian.com/book/1044964632/,玄幻,2025-12-17 17:26:56,True,1945,22,1,签约,qidian_cookie_detail,连载,东方玄幻,“我霍元鸿，要做那津门第一！”天朝369年，世家腐朽，阶级固化，底层永无出头之日，而洋人的坚船利炮正蠢蠢欲动。这一年，霍元鸿仰望着高高在上的世家门阀，卑微如蝼蚁。为活得像个人样，他点燃心火，化武道登神之阶，每练一日，可涨一年功力。一月化劲、三月抱丹、六月见神不坏……以三尺微命，逆着天下大势而上，从津门第一打到天下第一，从微末小卒打成国术脊梁！若干年后，当洋人的坚船利炮逼近，一位位旧时代宗师陷入绝望，腐朽的世家门阀也开始了最后疯狂。也就在这一日，霍元鸿从津门走出，一杆大枪，一套八极加劈挂，杀到魑魅魍魉胆寒，挑起了国术最后的脊梁。天下宗师，仰头望之，恰如一粒蜉蝣见青天！,国术：一天涨一年功力！,6.88万,68800,626,626,1171400,117.14万,16.463517860165904,0.00909870496068371,0.0005138746145940391,1.0
竹叶糕,https://www.qidian.com/book/1043498806/,玄幻,2025-12-17 17:26:56,True,1953,25,3,签约,qidian_cookie_detail,连载,东方玄幻,拒绝伸手党，想要什么自己抢！许元庆的官是抢来的，钱是抢来的，名字是抢来的，就连夫人都是抢来的。那一年初相逢，夫人昂首怒目：“呸，贼子！”他笑道：“夫人请住手。”多年后情正浓，夫人含羞带怯：“呸，贼子。”他惊呼：“夫人请住手！”重活一世，在朝堂青云直上，在江湖只手遮天，他深刻体现出了什么叫能力越大破坏越大！为官一任，祸害一方，兴风作浪、搅乱人间！有人视他为仇寇，恨之入骨；却亦有人敬他如神明，顶礼膜拜。本书又名《你还说你不会武功！》《谁说我恶贯满盈？》《从山贼开始权倾朝野号令江湖》……………………【作者已有一本两万均和两本万均完结作品，连载期间从未断更过，人品过硬，质量过硬，可放心入坑】,夫人请住手,16.56万,165600,853,853,1582900,158.29万,12.260656663946262,0.0051509350788944515,0.0015353121801432957,1.0
陆月十九,https://www.qidian.com/book/1038307656/,玄幻,2025-12-17 17:26:57,True,1569,26,5,签约,qidian_cookie_detail,完本,东方玄幻,消耗寿元灌注武学，可无限进行推演。沈仪凡人之躯，寿数不过百年，所幸可以通过斩杀妖魔获取对方剩余寿元。在邪祟遍地的乱世中亮出长刀，让这群活了千百年的生灵肝胆俱裂！从【鹰爪功】到【八荒裂天手】，从【伏魔拳】到【金身镇狱法相】！沈仪偶尔也会沉思，这寿命怎么越用越多了？他收刀入鞘，抬眸朝天上看去，听闻那云端之上有天穹玉府，其内坐满了千真万圣，任何一位都曾经历无尽岁月。此番踏天而来，只为向诸仙借个百万年，以证我长生不死大道。……此书又名《让你氪命练武，你氪别人的？》、《道友请留步，你的寿元与在下有缘》。,从斩妖除魔开始长生不死,96.74万,967400,541,541,2786600,278.66万,5.610384037760137,0.0005592303501857038,0.0031847133757961785,0.8
卫四月,https://www.qidian.com/book/1044482577/,玄幻,2025-12-17 17:26:56,True,4356,24,5,签约,qidian_cookie_detail,连载,东方玄幻,离谱，陈逸穿越睁眼竟在侯府刑堂——只因他身为赘婿，却在大婚之日逃婚。因而他不但不受侯府待见，还被禁足责罚。不过陈逸乐得清闲，前世他整日劳心劳力，这辈子当个闲散赘婿挺好。自此他凭借每日情报，获取机缘，精研琴棋书画、医、钓等道，在侯府里悠闲生活。【每日情报：武侯嫡孙萧无戈与世子张恒大打出手，可获少量机缘。】陈逸看着内容，陷入沉思。“这系统，有些不对劲。”……多年以后，琴棋书画、医、钓等道都已圆满的陈逸，面对四夷来犯，无奈踏入陆地神仙境，一战天下惊。萧惊鸿：“夫君，说好当闲散赘婿，你陆地神仙？”陈逸拥着她，笑说：“这都要怪你弟萧无戈……”谁能想到当初的武侯嫡孙和世子殿下只有五岁？每日情报？不，今日吃瓜！PS：吃瓜流，轻松，苟道，扮猪吃老虎PPS：又名《侯府赘婿的悠闲生活》，《哪里有瓜，哪里就有我》，《夫君，今日你敢出去钓鱼？》,说好当闲散赘婿，你陆地神仙？,4.74万,47400,712,712,1168600,116.86万,36.959104021720684,0.015020780152317462,0.0011475786091347257,1.0
晨色暮鸦,https://www.qidian.com/book/1044399093/,玄幻,2025-12-17 17:26:57,True,1792,28,3,签约,qidian_cookie_detail,连载,东方玄幻,历史长河发生未知病变，沉入现世倒影，古天尊们从旧日中复苏，追逐禁忌之秘，大神通以岁月为棋盘，众生为子，布局万古。人们熟悉的古老传说、民俗鬼怪、甚至是曾经崇拜的英雄豪杰，病变扭曲，化为沉入旧日深渊的诡异。曾经英明神武的帝王，化作了盘旋在帝国之上的恶龙，用衰老而庞大的身躯渴求不死之果，龙涎化作妖魔吞噬黎民百姓。战死的豪杰在烛火照耀下，于尸山中复苏，建立尸解王庭赤水河畔，古老的变婆望月长叹。马面蚕女、星之太岁、旧日天庭、银王朝……万千病界，争渡现世彼岸。唯有历史行者，能够逆流时光，切除病变，从历史长河中析出历史技能、历史遗物，更甚者篡夺最古豪杰的伟业，铭刻自身于古老。辞职回家的姜炎，因为误入米财神仪式现场，意外听到了历史长河的恸哭，觉醒历史天赋——孕育万千子嗣的黑暗母神胚胎，将一切病变化作养料，孕育灵宠、技能、记忆、规则等等“子嗣”，受己掌控。以尸解王庭孕育尸解之凰，以太平天国孕育太平之神……姜炎望着病变的历史长河，感慨道：“如果将历史长河化为养料，或许真能够孕育一尊……”“禁忌仙神！”,历史病了,15.22万,152200,974,974,1363100,136.31万,13.050761051634986,0.006399432329616757,0.0016731734523145567,1.0
白驹易逝,https://www.qidian.com/book/1026225232/,玄幻,2025-12-17 17:26:57,True,1820,27,0,签约,qidian_cookie_detail,连载,东方玄幻,重活一世，沈长青成为大秦镇魔司一员，此时恰逢妖魔乱世，诡怪猖獗——斩杀幽级诡怪，纯阳功圆满！斩杀怨级诡怪，天武罡气圆满！斩杀强大妖邪，打破自身极限！斩杀——若干年后，沈长青化身人族镇守使，诸般妖魔诡怪尽皆俯首！“有我一日，人族不灭！”——有四百万字完本老书《我真的是正派》以及二百万字完本老书《重生之独步江湖》，欢迎阅读！,人族镇守使,1498.9万,14989000,612,612,11667600,1166.76万,1.5585394259094334,4.082993923344191e-05,0.0,1.0
努力吃鱼,https://www.qidian.com/book/1034284970/,玄幻,2025-12-17 17:26:57,True,977,29,1,签约,qidian_cookie_detail,连载,东方玄幻,修炼难，难于上青天。【极山呼吸法简化中..简化成功...极山呼吸法→呼吸!】陈斐深吸了一口气。【极山呼吸法经验值+1。】【极山呼吸法圆满！】陈斐：“……”,从修改呼吸法开始成圣,549.59万,5495900,696,696,6880599,688.06万,1.4178738307076062,0.0001266398357612337,0.0010224948875255625,1.0
裴屠狗,https://www.qidian.com/book/1037991205/,玄幻,2025-12-17 17:26:58,True,496,30,0,签约,qidian_cookie_detail,连载,东方玄幻,“弟子黎渊，拜求苍天授箓！”…………已有完本作品《诸界第一因》、《诸天投影》《大道纪》,道爷要飞升,88.48万,884800,322,322,2886700,288.67万,1.712293299271585,0.0003639236393268091,0.0,1.0
阴天神隐,https://www.qidian.com/book/1039028902/,玄幻,2025-12-17 17:26:58,True,1559,31,4,签约,qidian_cookie_detail,连载,东方玄幻,当年定鼎造命，金戈铁马，坐断江山，天宗上门，永镇四方，锦绣中好一片靡靡天音。今朝大劫将至。昔日盛世繁华，眼下不过残桓断壁，枯骨没荒草。宗门怀贰心，社稷何人思？权贵竞豪奢，黎民谁人问？血泪如涟声声诉，天意饶把孩儿骨。玄律穷极天地诛，烽火渐起靖乱途。踏天路，伐命途。昏昏浊世，一剑皆烬！========要素：武道乱世，赛博修仙，两界门已有一千五百万字w订完本作品《燃钢之魂》《怪物被杀就会死》《高天之上》,天命皆烬,48.64万,486400,896,896,3442200,344.22万,4.515960836567985,0.0018421014759426892,0.002564102564102564,1.0
江上景,https://www.qidian.com/book/1039338747/,玄幻,2025-12-17 17:26:58,True,1770,32,1,签约,qidian_cookie_detail,连载,东方玄幻,金身不坏，水火不侵，万法不沾，是为肉身成圣。江宁穿越而来，时逢天下将乱。为求保全自身，他凭借能肝经验的面板开始练武，默默发育。渐渐的，他发现，随着功法破限，各种特性加身，其中某些特性更是蕴藏神灵权柄。【五禽拳】：从入门肝至圆满之境，不断破限，各种特性加身，五脏藏精，五脏蕴神。【金刚不灭身】：从入门肝至圆满之境，不断破限，各种特性加身，金身不坏，万法不沾。【内丹养生功】：从入门肝至圆满之境，不断破限，各种特性加身，永驻巅峰，长生不老。当某一日，他对这天下展露獠牙的时候。世人才知有一位超越镇压天下八百余载的新晋武圣出世。【老书《长生：从气运词条开始》240万字完本，6000均大精品人品保证，有兴趣可移步老书观看。】,从五禽拳开始肉身成圣,8.14万,81400,477,477,2857799,285.78万,6.17198067228561,0.005859878871266938,0.000564652738565782,1.0
山人有妙计,https://www.qidian.com/book/1044642569/,玄幻,2025-12-17 17:26:58,True,1740,34,6,签约,qidian_cookie_detail,连载,东方玄幻,穿越到大荒，沈灿因为身体‘孱弱‘成为炙炎部落祖庙的守祧（tiao），负责祖庙日常洒扫，香火供奉，日常祭祀。大荒洪水、地动、灾兽横行。人族祭祀天地，没有鸟用。供奉灾兽，也没有鸟用。人族先辈猎荒兽，取兽血洗练己身，开创初代武道修行之法，于大荒中取食求活。此法虽缺陷丛丛，修行过程中气血暴乱，焚经毁身，且前路有缺，却让人族在大荒中求得一息生存之地。故大荒各部建祖庙岁岁祭祀先祖，铭记先祖开拓之艰辛，就连往日狩猎归来的猎物也会进献祖庙之中，敬请先祖享用。沈灿按照庙祧之责，以‘鸾刀’刺荒兽之颈，取血献给先祖，却发现自己可以汲取荒兽寿元，推衍修行之法。至此，谁说武道只能止步于七阶之前，永居灾兽之下？……多年后，炙炎部落外灾兽无支祈携滔天洪水席卷而来，大地一片汪洋，部落族人跪伏在祖庙外。“求先祖庇护！”本书又名《我偷祖先祭品养我自己》、《先祖祭品，谁吃不是吃》,祭祀百年，我成了部落先祖,6.4万,64000,684,684,2110600,211.06万,8.205224936338771,0.010687333010421712,0.0034462952326249283,1.0
J神,https://www.qidian.com/book/1021378513/,玄幻,2025-12-17 17:26:59,True,223,33,2,签约,qidian_cookie_detail,连载,东方玄幻,【不废柴，不舔狗，天骄争霸暴爽无敌流】君逍遥穿越玄幻世界，成为荒古世家神子，拥有无敌背景，惊世天赋，更得到签到系统，开局签到一具大成荒古圣体。在泰岳古碑签到，获得六星奖励，神象镇狱劲！在十岁宴上签到，获得七星奖励，至尊骨！在青铜仙殿签到，获得八星奖励，万物母气鼎！在无边界海签到，获得十星奖励，他化自在大法！无数年后，君逍遥盘坐九霄，剑指苍天道：“九天十地，我主沉浮，仙路尽头，我为巅峰！”,开局签到荒古圣体,39万,390000,305,305,9650500,965.05万,0.23083691320325037,0.0007820492767967262,0.008928571428571428,1.0
天蚕土豆,https://www.qidian.com/book/1027368101/,玄幻,2025-12-17 17:26:59,True,644,35,2,签约,qidian_cookie_detail,连载,东方玄幻,天地间，有万相。而我李洛，终将成为这万相之王。继《斗破苍穹》《武动乾坤》《大主宰》《元尊》之后，天蚕土豆又一部玄幻力作。,万相之王,151.6万,1516000,887,887,4790500,479.05万,1.341526924278721,0.0005850919623403943,0.0031007751937984496,1.0
八月飞鹰,https://www.qidian.com/book/1045335204/,玄幻,2025-12-17 17:26:59,True,1833,37,6,签约,qidian_cookie_detail,连载,东方玄幻,【徐永生穿越到了一个武道世界。】徐永生：“祸福难料，安全第一，行事需要稳重些才是。”【随身神秘书册，翻开第一页是张谛听图。】“谛听为您带回公主幽会地点。”“谛听为您带回朱雀左瞳下落。”“谛听为您带回八九玄功秘籍。”“谛听……”【大乾盛极而衰，天下大乱，苍生倒悬，携众弟子周游天下“列国”，令人间重得太平。】徐二郎徐永生：“读书人讲道理，你如果听不懂道理，我也略懂一些拳脚。”众弟子：“今有至圣先师重临人世，天不生徐子，万古如长夜！”,至圣先师他太稳重了,12.51万,125100,1105,1105,1414199,141.42万,12.870392410049437,0.0088328630466583,0.003271537622682661,1.0
冰红茶和可乐,https://www.qidian.com/book/1039751366/,玄幻,2025-12-17 17:27:00,True,739,38,1,签约,qidian_cookie_detail,连载,东方玄幻,异界降临，灾兽肆虐，蓝星迎来生命进化的高武时代！武道崛起，天骄并起，强者为尊。前世加班猝死的牛马林奇，重生在这个波澜壮阔的世界。苦修武道十七载，于高三之际终于唤醒神秘【金色残幡】，获得第一道神级天赋模板——【二郎真君·杨戬】肝度决定高度，融合解锁天赋：【强胃】→【龙精虎猛】→【钢筋铁骨】【金瞳】→【金刚】→【金罡霸体】直至——【天眼】睁开，神威初显！当融合度圆满，尽得二郎神天赋之时，林奇才发现，这竟远非尽头。金色残幡深处，一道更为伟岸的身影悄然浮现…………无数年后，蓝星至强者在教导后辈时，皆肃然告诫：“无论你是一纪元一现的五行圣体，还是万古难出的时空圣体……”“在那位面前，皆如萤火比皓月、蜉蝣见青天！因为他，即是天尊！……ps：本书又名《高武：从肝二郎神天赋开始变强》《高武：肝出至高天赋》,高武：从武道生到宇宙天尊,6.35万,63500,248,248,3940600,394.06万,1.8706019338834607,0.003905450307869167,0.0013513513513513514,1.0
景全,https://www.qidian.com/book/1046276180/,玄幻,2025-12-17 17:26:59,True,2119,36,5,签约,qidian_cookie_detail,连载,东方玄幻,杨景撞大运穿越到了兵荒马乱、民不聊生的王朝乱世，成为了被祖父偏爱的农户子，全家节衣缩食，供杨景练武，可他武道根骨普通，注定会难有成就，辜负家人期望。但杨景发现自己只需要将功法武学修炼到临界点就能破境。这意味着，对其他人万分凶险的突破对于杨景来说没有任何风险。他注定日后会走上目光触及的最高层！,乱武从拜入武馆开始,1.32万,13200,496,496,706000,70.6万,29.59497206703911,0.03757291114309522,0.0023584905660377358,1.0
荣小荣,https://www.qidian.com/book/1045071674/,玄幻,2025-12-17 17:27:00,True,1499,39,1,签约,qidian_cookie_detail,连载,东方玄幻,21世纪公务员穿越古代，成为雍国西南边陲的一个小旗官。炼狱醒来，已是叛国死囚。侥幸脱身，又成敌国卧底。长夜无间，双面为谍。从边陲炼狱到帝国权力深渊，在这场以性命为注的无间长夜，且看他如何在谎言与背叛的钢丝之上，斩出一条生路，一步一步，登临无上！开局：靖边司小小旗官。结尾：醒掌天下权，醉卧美人膝，九五之上，唯我称尊！林宣：我只想有个班上，你们为什么要逼我呢？,锦衣无双,8.3万,83000,1097,1097,764900,76.49万,19.344431539553494,0.013216708232430934,0.0006666666666666666,1.0
新丰,https://www.qidian.com/book/1045819148/,玄幻,2025-12-17 17:27:00,True,600,41,15,签约,qidian_cookie_detail,连载,东方玄幻,你跟我说这世界没武道？所谓的高手只是经常锻炼，熟能生巧的原因？不可能，绝不可能。这面板有境界显示，说明这世界能修炼，怎么可能没武道。一定是藏得太深，武道被管控的很严格。至此，林凡为了接触到武道，努力上岸，想要成为治安府一员，接触上层人物获知武道的奥秘。直到他一棍干翻当今公认的十大高手，他才幡然醒悟，原来他们没骗人，这世界真没武道啊。而他看着自身刀枪不入，水火不侵的肉身。看向被他一拳轰碎的城墙，以及一脚跺地，凹陷下去的深坑。这一刻，他面带微笑，用警告的语气对面前的人说：“请你们不要在我的世界胡作非为，谢谢你们的配合。”又名：《以凡人之躯暴打血脉天龙人》、《血脉？从小打满所有疫苗的我早就数值拉满》,我咋就天下无敌了,2.88万,28800,386,386,1044100,104.41万,5.692059576890238,0.013402312419707648,0.024958402662229616,1.0
月中阴,https://www.qidian.com/book/1044261524/,玄幻,2025-12-17 17:27:00,True,989,40,1,签约,qidian_cookie_detail,连载,东方玄幻,季青从江湖崛起，一路从南砍到北，江湖全无敌！后来季青发现，他的刀可斩妖除魔，亦可诛神灭仙！再后来季青又发现，他的刀可断生死，亦可得长生！任你千般法术，万般神通，可挡得住我这一刀？……已完本《法师奥义》《永恒武道》《长生种》《顶级悟性：从基础拳法开始》老月出品，必属精品！,末法时代的长生武圣,4.51万,45100,195,195,2474500,247.45万,3.980680217347555,0.004323629187822886,0.00101010101010101,1.0
五方行尽,https://www.qidian.com/book/1035676337/,玄幻,2025-12-17 17:27:00,True,1346,42,1,签约,qidian_cookie_detail,连载,东方玄幻,【诸天流】【无敌流】【崛起于低武时代，超凡长生】洪元穿越了，随身揣着一座【太岁福地】——入主其间则福地不灭，己身不朽，与天同寿！这泼天富贵，爽到飞起？奈何开启福地，需解锁【武力】、【权力】双天下第一成就，属实亿点小缺陷。所幸，未能入主福地，洪元却被赋予了【根骨】、【悟性】无限成长的恐怖潜力。环顾四周，此世以一敌十便是高手，以一敌百便称天下顶尖？洪元看着这力量贫瘠的舞台，感受着体内永无止境变强的可能，笑了。解锁双第一，登顶福地之前，他得先在这“低武时代”好好活着……然后，踩着这方世界的极限，迈向那千秋万世的超凡长生江山！,人间太岁神！,5.57万,55700,780,780,575200,57.52万,23.000683526999314,0.01400333925782302,0.0007423904974016332,1.0
宅猪,https://www.qidian.com/book/1009704712/,玄幻,2025-12-17 17:27:01,True,505,43,3,签约,qidian_cookie_detail,完本,东方玄幻,大墟的祖训说，天黑，别出门。大墟残老村的老弱病残们从江边捡到了一个婴儿，取名秦牧，含辛茹苦将他养大。这一天夜幕降临，黑暗笼罩大墟，秦牧走出了家门……做个春风中荡漾的反派吧！瞎子对他说。秦牧的反派之路，正在崛起！书友群：600290060，624672265，VIP群：663057414（有验证）普通群：424940671,牧神记,1551.58万,15515800,286,286,5911799,591.18万,0.8527813929517027,1.8432822127584647e-05,0.005928853754940711,0.8
沙拉古斯,https://www.qidian.com/book/1038229163/,玄幻,2025-12-17 17:27:01,True,855,44,6,签约,qidian_cookie_detail,完本,东方玄幻,他叫李伴峰，山峰的峰，不是发疯的疯，医生说过他没有疯。为了救朋友一条命，他去了96号站台，上了1160蒸汽列车，来到了停留在蒸汽时代的普罗州。他遇到了老唱机里的红颜知己，月份牌里的绝世佳丽，老座钟里的摇摆名姝，酒葫芦里的世外高人。这里有越吃越猛的食修，越抽越强的烟修，越杀越狠的武修，越喝越狂的酒修。这里有哪都想去的旅修，还有哪都不想去的宅修。天下百门，谁与争锋。普罗万修，谁是魁首。伴峰穿上西装，戴上礼帽，拿上鸡毛掸子，认真问了一句：告诉我，谁是普罗之主？,普罗之主,69.51万,695100,315,315,4484500,448.45万,1.902325063967071,0.00045317155348647176,0.007009345794392523,0.8
驾舟圣手,https://www.qidian.com/book/1045345742/,玄幻,2025-12-17 17:27:01,True,1070,47,10,签约,qidian_cookie_detail,连载,东方玄幻,卫凌风只是来京城混个职位，为何高冷公主见他玉容羞红，飒爽女将喊他救命恩公，连孤傲出尘的道首都推开皇后，想先和他沟通沟通......“我不认识你们啊！”“装！继续装！你这负心汉！”“小魔头，老实交代！你江湖上到底有多少前女友？”直到某夜梦境破碎，卫凌风才惊觉——原来在她们绝望的夜晚，都曾有他踏月而来雪中送炭......而后又狠心将她们“抛弃”。,江湖都是前女友？,1.97万,19700,453,453,1590300,159.03万,6.686246328813348,0.02299375666209837,0.009337068160597572,1.0
翔炎,https://www.qidian.com/book/1043462065/,玄幻,2025-12-17 17:27:01,True,490,46,0,签约,qidian_cookie_detail,连载,东方玄幻,李林觉得，要在这种有诡的世界里活下去，并不太难。但单纯地活着，似乎又太没有上进心了。那就定个小目标吧，先做到津城第一。结果还没有做到津城第一呢，就有友人上门来游说。“李坤歌，百姓皆苦，我与友人结社，欲助天下苦难人。”李林用力把门关上了。“月例十金！”李林又把门打开了。,晦朔光年,8.84万,88400,303,303,1431100,143.11万,3.400180417736451,0.003427563036617233,0.0,1.0
白刃斩春风,https://www.qidian.com/book/1042628462/,玄幻,2025-12-17 17:27:01,True,1379,45,3,签约,qidian_cookie_detail,连载,东方玄幻,人类刀耕火种的时候，那从天劈降的雷霆，是偶发的自然现象，亦是鬼神的怒火。老者离世以后，阳台上轧轧摇晃的躺椅，是忽忽经过的风，亦是他……曾回来过。精神病人眼里荒诞离奇的光景，是寻常人眼中颠倒畸变的虚幻，但这虚幻颠倒回来，同样也是真实。楼上的女人将丈夫砌进墙壁，磨房中的老驴嚼着尸体，画报里，美女晾晒着自己的脸皮。这世间的万物每时每刻都在发疯，名为‘念想’的魔，侵略人间，你又如何能够幸免？,有诡,25.35万,253500,1058,1058,1770600,177.06万,7.744580478490397,0.004173553556001752,0.002173913043478261,1.0
方蛟,https://www.qidian.com/book/1044347930/,玄幻,2025-12-17 17:27:02,True,305,48,1,签约,qidian_cookie_detail,连载,东方玄幻,方阳觉醒宿慧，得知身处遮天世界时，本想求仙问道，奈何一无所获。幸好有抽卡金手指在身，只需提升命数，便可抽取到诸天万界的宝物。【凡体本源】、【偷生仙蛊】、【十二符咒】、【大切割术】、【参天造化露】、【阿难破戒刀法】……数百年后，方阳以抽取的众多【凡体本源】，成就最强凡体之名，力压一众绝世天骄，成为黄金大世的最终赢家。,人在遮天，抽卡成帝,2.12万,21200,179,179,1595500,159.55万,1.8997197134848955,0.008442997971793783,0.0032679738562091504,1.0
三行的书哟,https://www.qidian.com/book/1041753908/,玄幻,2025-12-17 17:27:02,True,855,50,1,签约,qidian_cookie_detail,连载,东方玄幻,【宗门、轻松、日常、爆笑、夺笋】掌教师伯新收了一个女徒弟。她很漂亮，让无数人为之神往。直至周清终于激活词条，看到很多人头上都闪烁着一个金色的标签。根据提示，那是别人内心对他的备注。隔壁峰首席对他的备注是【爱玩的色痞】三师兄对他的备注是【有色心有色胆的小师弟】石蓁师姐对他的备注是【梦游症加重的周师弟】当周清看向这位新来的小师妹时，她的备注却是【好英俊】【好厉害】【好霸气】时。这一刻基本可以确定。于是，周清鼓起了勇气。“我……”可她却是哈哈大笑：“爹，你年轻的时候真逗。”,掌门师伯新收了个女徒弟,373.88万,3738800,253,253,2897200,289.72万,2.940974133186571,6.766875262951946e-05,0.0011682242990654205,1.0
姬叉,https://www.qidian.com/book/1036010291/,玄幻,2025-12-17 17:27:03,True,450,49,1,签约,qidian_cookie_detail,完本,东方玄幻,仗剑江湖载酒行，楚腰纤细掌中轻。少年肩扛长刀，腰间挂酒，大步前行，心中的江湖却隐约难见。乱世书中翻一页，江湖夜雨数十年。蓦然回首，已劈碎了人间。,乱世书,147.66万,1476600,209,209,3003700,300.37万,1.4931811394631185,0.0001415412829870764,0.0022172949002217295,0.8
南北宗源,https://www.qidian.com/book/1040682764/,玄幻,2025-12-17 17:27:02,True,813,51,1,签约,qidian_cookie_detail,连载,东方玄幻,本故事纯属虚构，如有雷同，纯属巧合！真武山，道门十大名山，5A级旅游景区，门票280……祖师爷曾预言：真武传道七十三，因凡应劫后人参。“绝不绝，灭不灭，七十三代有一歇……”“真武山传到今日，已有七十三代，难道天命当绝？”“因凡应劫，旅游观光的凡俗太多了，涨价吧！”这一日，真武山玉牒传度……这一日，大学毕业的张凡观光旅游…………炼尽神中阴滓，成就无极纯阳！我叫张凡，凡人的凡！！,纯阳！,6.52万,65199,309,309,2255000,225.5万,3.589403973509934,0.004739263803680982,0.0012285012285012285,1.0
酒月剑仙,https://www.qidian.com/book/1040223815/,玄幻,2025-12-17 17:27:02,True,782,52,2,签约,qidian_cookie_detail,连载,东方玄幻,（微恐怖，无限流，民俗，中式克苏鲁）周游本来觉得自己的一生应当相当平凡。平凡的出生，平凡的成长，平凡的学习........然后无比平凡的身患绝症死去。直到他遇到了一本同样平平无奇的黑书。至此，‘平凡’步入了‘非凡’。无法逃脱的四号楼，诡异横行的旧街区，唱着升仙戏的肉太岁，无可名状的复生之物......每一个剧本都是一场最为深沉的梦魇，但每一场梦魇却又是一次生存的契机......烛火燃起，照亮了方寸庙宇，诡异降临，将故事的序幕再次拉开。——那么，欢迎来到诡诞游戏！,欢迎来到诡诞游戏,4.29万,42900,235,235,2274400,227.44万,3.423218350551567,0.005477727791892963,0.002554278416347382,1.0
我爱吃鸡枞,https://www.qidian.com/book/1046199155/,玄幻,2025-12-17 17:27:03,True,754,53,3,签约,qidian_cookie_detail,连载,东方玄幻,陈立穿越到小地主身上，觉醒家族武道系统。子嗣武道精进，反哺家族，系统奖励寿元、秘药、丹方等等。陈立从种地开始，步步为营，积攒银两，开枝散叶、培养子嗣。苟出一线生机，搏出一片天地。时光轮转，万年后，再回首，陈立发现，自己的家族已然成为亘古不变、与世长存的武道天家。,苟出一个武道天家,8925,8925,235,235,736400,73.64万,10.10182207931404,0.02632758234371499,0.003973509933774834,1.0
爱潜水的乌贼,https://www.qidian.com/book/3249362/,玄幻,2025-12-17 17:27:03,True,803,56,2,签约,qidian_cookie_detail,完本,东方玄幻,我这一生，不问前尘，不求来世，只轰轰烈烈，快意恩仇，败尽各族英杰，傲笑六道神魔！万年之后，大劫再启，如来金身，元始道体，孰强孰弱，如来神掌，截天七式，谁领风骚？轮回之中，孟奇自少林寺开始了自己“纵横一生，谁能相抗”的历程。,一世之尊,327.28万,3272799,579,579,4447900,444.79万,1.8012965746203369,0.0001769127352725495,0.0024875621890547263,0.8
舟中落雨声,https://www.qidian.com/book/1040236094/,玄幻,2025-12-17 17:27:03,True,896,55,0,签约,qidian_cookie_detail,连载,东方玄幻,俞客睁开眼，看到了一个无与伦比、光怪陆离的修行大世。七大部洲，五域海外，立下恢宏无上的道统，仙佛之辈屹立此世之巅俞客只是神霄宗外门弟子，最大的愿望，不过是筑基成功直到他幸得‘鲲虚鼎’，能推演过往岁月，模拟万千身份！【每一次转生，都是一次崭新的开始，你想抉择怎样的人生？】第一世，你资质低下，是三真教师叔祖，大器晚成，终在人间武学再拔高一层，武碎虚空。号称“人间陆沉三百年，方得此君”再一世，你是高门赘婿，少年早慧却受尽欺凌，小院翻书十年，一步陆地神仙境。儒家大儒赞曰“笔落惊风雨，诗成泣鬼神”再一世，你是玄宗道子，再一世，你是大周藏书史…你是登天十杰…你是金鳌岛大师兄上古、中古、太古、洪荒，鸿蒙…一个个震古烁今、煌煌无敌的身份蓦然回首，你才惊觉！你的遗物，在天帝大墓之中被挖出来?你的画像，被挂在当世修仙大宗的祖师堂，日夜受着香火有人开辟轮回，只为等你归来有人建立阎浮净土，只为守护你的遗蜕有人在天书石碑上刻下：“我曾放下过天地，却未曾放下过你”什么情况，说好体验人生我曾高高在上，俯视这万古岁月?,模拟成真，我曾俯视万古岁月？,497.53万,4975300,163,163,2406700,240.67万,3.707535068481814,3.276183692202743e-05,0.0,1.0
辰东,https://www.qidian.com/book/1004608738/,玄幻,2025-12-17 17:27:04,True,297,57,1,签约,qidian_cookie_detail,完本,东方玄幻,在破败中崛起，在寂灭中复苏。沧海成尘，雷电枯竭，那一缕幽雾又一次临近大地，世间的枷锁被打开了，一个全新的世界就此揭开神秘的一角……,圣墟,3200.47万,32004699,186,186,6132300,613.23万,0.48353222734154955,5.81164641443288e-06,0.003355704697986577,0.8
清渊渊,https://www.qidian.com/book/1040989155/,玄幻,2025-12-17 17:27:04,True,915,54,4,签约,qidian_cookie_detail,连载,东方玄幻,穿越斗气大陆，魂若若十分倒霉的成了魂天帝的女儿——一边是要献祭全族的反派老爹，一边是敌对的天命主角，唯一的活路似乎也只能在主角崛起之前做点什么...硬刚萧炎？笑话，魂若若从一开始就没打算和他硬碰硬。身为妖女，自然有着兵不血刃的办法，小女子我身上都是软的，你又能奈我何？,斗破之魂族妖女,11.75万,117500,389,389,2624200,262.42万,3.4735403538076075,0.003310610122467043,0.004366812227074236,1.0
荆山出玉,https://www.qidian.com/book/1045400385/,玄幻,2025-12-17 17:27:04,True,498,58,35,签约,qidian_cookie_detail,连载,东方玄幻,五浊恶世，绛火焚魔！穿越到一九九五年的齐云，在一次山村的婚宴上。一则关于“神仙山”传说，将他拖入浓雾弥漫的深山。进入非想非非想之境——五脏观！从此，齐云的人生撕裂成两半：于现世红尘。他身负绛狩火，掌洞幽烛微之能，尊号“绛魔天师”。乡野精怪作祟？真火焚形，都市阴煞盘踞？绛焰涤荡。斩龙镇运，复归地水火风，涤荡人间妖氛！于诸天万界。游方证道，仗火独行，踏罡步斗。斩山魈木魅，焚古妖大魔，狩百鬼坠仙！云游万方，证道降魔真君！绛狩起处，万邪辟易！符火通幽，步涉诸天！,道起五脏观：我在九十年代当天师,2万,20000,469,469,1064000,106.4万,4.636871508379888,0.023448827558622067,0.07014028056112225,1.0
十万菜团,https://www.qidian.com/book/1046604493/,玄幻,2025-12-17 17:27:04,True,946,60,1,签约,qidian_cookie_detail,连载,东方玄幻,【权谋+剧情流+多红颜+情报金手指+幕后黑手】景平元月，人间出了件大事。大周将领赵氏黄袍加身，政变夺权，登基称帝，改国号为“颂”，誓要开辟新气象。唯有一件苦恼，前朝小皇帝始终下落不明。李明夷穿越而来，成为藏在民间，被天下海捕的前朝天子。更发现这个世界有点熟悉，酷似通关过的古风游戏。于是他怀揣无数情报，昂首挺胸，走向大颂朝堂。“朕来到这个世界，可不是为了当逃犯的。”……新朝公主昭庆近来喜忧参半。她招揽的名叫李明夷的门客太过能干，只需与人密谈，便可将文臣、武将、勋贵、大修士、女国师……悉数拉拢而来。还时常举荐能臣上位，打击前朝余孽不遗余力。但为何总觉得这群人唯他马首是瞻，前朝余孽也越打越多？父皇心病愈演愈烈？她决定找他谈谈。,你也不想秘密满朝皆知吧,1.18万,11800,462,462,460900,46.09万,20.089190911021447,0.039149224641979494,0.0010559662090813093,1.0
辰东,https://www.qidian.com/book/2952453/,玄幻,2025-12-17 17:27:05,True,400,59,5,签约,qidian_cookie_detail,完本,东方玄幻,完美世界动画，每周五10:00腾讯视频火热播出，VIP抢先看两集；荒天帝、柳神等将以立体的形式和你相见，等你一起来看。一粒尘可填海，一根草斩尽日月星辰，弹指间天翻地覆。群雄并起，万族林立，诸圣争霸，乱天动地。问苍茫大地，谁主沉浮？！一个少年从大荒中走出，一切从这里开始……,完美世界,720.28万,7202800,388,388,6584500,658.45万,0.6065660777920995,5.386793276671117e-05,0.012468827930174564,0.8
